country,region,source,data_type,estimate_type,date,median_R_mean,median_R_highHPD,median_R_lowHPD,countryIso3
Poland,POL,ECDC,Confirmed cases,Cori_slidingWindow,2020-03-08,3.0631791670776902,3.72352452828137,2.482889381184228,POL
Poland,POL,ECDC,Confirmed cases,Cori_slidingWindow,2020-03-09,2.8527773629196647,3.3930380013097805,2.3668591567636525,POL
Poland,POL,ECDC,Confirmed cases,Cori_slidingWindow,2020-03-10,2.7439749176837704,3.204722298321774,2.311740663110747,POL
Poland,POL,ECDC,Confirmed cases,Cori_slidingWindow,2020-03-11,2.5459445407742924,2.9302494668230965,2.1811059816408256,POL
Poland,POL,ECDC,Confirmed cases,Cori_slidingWindow,2020-03-12,2.3907044374890734,2.72781925813312,2.076788827518948,POL
Poland,POL,ECDC,Confirmed cases,Cori_slidingWindow,2020-03-13,2.2578291538474704,2.5476392394425407,1.9816402664184949,POL
Poland,POL,ECDC,Confirmed cases,Cori_slidingWindow,2020-03-14,2.1403421294421863,2.39762610889184,1.9000491740408063,POL
Poland,POL,ECDC,Confirmed cases,Cori_slidingWindow,2020-03-15,2.039237244300223,2.268301867819765,1.822461772897164,POL
Poland,POL,ECDC,Confirmed cases,Cori_slidingWindow,2020-03-16,1.9459661869388278,2.149766712670675,1.752182682280645,POL
Poland,POL,ECDC,Confirmed cases,Cori_slidingWindow,2020-03-17,1.8666456883384015,2.0527205840372638,1.6885439613394604,POL
Poland,POL,ECDC,Confirmed cases,Cori_slidingWindow,2020-03-18,1.7946237020405287,1.9642111724107656,1.6368367358316183,POL
Poland,POL,ECDC,Confirmed cases,Cori_slidingWindow,2020-03-19,1.7374132416448715,1.8920950151915197,1.5912247545368157,POL
Poland,POL,ECDC,Confirmed cases,Cori_slidingWindow,2020-03-20,1.6969756753686112,1.8387418042203887,1.5608217891061473,POL
Poland,POL,ECDC,Confirmed cases,Cori_slidingWindow,2020-03-21,1.6636973650091127,1.795426607134872,1.5366022254483935,POL
Poland,POL,ECDC,Confirmed cases,Cori_slidingWindow,2020-03-22,1.6340302062149166,1.7553423100077967,1.5166112582948426,POL
Poland,POL,ECDC,Confirmed cases,Cori_slidingWindow,2020-03-23,1.6024000330155306,1.7157859355455216,1.4899280684989482,POL
Poland,POL,ECDC,Confirmed cases,Cori_slidingWindow,2020-03-24,1.559375885152263,1.665886689409181,1.4560470343335397,POL
Poland,POL,ECDC,Confirmed cases,Cori_slidingWindow,2020-03-25,1.5134857916428985,1.6140695578915356,1.4162880465353744,POL
Poland,POL,ECDC,Confirmed cases,Cori_slidingWindow,2020-03-26,1.4630561373328996,1.5561825289757703,1.3727648011187454,POL
Poland,POL,ECDC,Confirmed cases,Cori_slidingWindow,2020-03-27,1.4157182763071818,1.5048011536562456,1.3300450366381482,POL
Poland,POL,ECDC,Confirmed cases,Cori_slidingWindow,2020-03-28,1.3666121146591548,1.449596687467611,1.285593308180238,POL
Poland,POL,ECDC,Confirmed cases,Cori_slidingWindow,2020-03-29,1.30993192476803,1.3870907359909903,1.2340060656324126,POL
Poland,POL,ECDC,Confirmed cases,Cori_slidingWindow,2020-03-30,1.252516188761657,1.3266959637490903,1.1800856371702677,POL
Poland,POL,ECDC,Confirmed cases,Cori_slidingWindow,2020-03-31,1.1914833122333945,1.2612827834564775,1.1242759501923367,POL
Poland,POL,ECDC,Confirmed cases,Cori_slidingWindow,2020-04-01,1.13690409143547,1.2031402133624973,1.0716956622952625,POL
Poland,POL,ECDC,Confirmed cases,Cori_slidingWindow,2020-04-02,1.0813502860688908,1.145368421825648,1.0194656509605429,POL
Poland,POL,ECDC,Confirmed cases,Cori_slidingWindow,2020-04-03,1.0364707830822288,1.0977848265216035,0.9768951609392632,POL
Poland,POL,ECDC,Confirmed cases,Cori_slidingWindow,2020-04-04,1.0038274276182224,1.0635644546229908,0.9457939252223194,POL
Poland,POL,ECDC,Confirmed cases,Cori_slidingWindow,2020-04-05,0.985037651750551,1.044057985436819,0.9277873151815559,POL
Poland,POL,ECDC,Confirmed cases,Cori_slidingWindow,2020-04-06,0.9757436646750681,1.0345636296198784,0.9187981027299258,POL
Poland,POL,ECDC,Confirmed cases,Cori_slidingWindow,2020-04-07,0.9713147210577688,1.0298345477549666,0.9144257172230196,POL
Poland,POL,ECDC,Confirmed cases,Cori_slidingWindow,2020-04-08,0.9672346405870738,1.0251688546612943,0.9108113780418583,POL
Poland,POL,ECDC,Confirmed cases,Cori_slidingWindow,2020-04-09,0.9635588511487001,1.02217667151357,0.9070528317478441,POL
Poland,POL,ECDC,Confirmed cases,Cori_slidingWindow,2020-04-10,0.9659179444035102,1.0238001132455603,0.9090887583271745,POL
Poland,POL,ECDC,Confirmed cases,Cori_slidingWindow,2020-04-11,0.9712674478190754,1.0303833099188697,0.9135529523763285,POL
Poland,POL,ECDC,Confirmed cases,Cori_slidingWindow,2020-04-12,0.9792867238087459,1.0388426662333488,0.9216567912924334,POL
Poland,POL,ECDC,Confirmed cases,Cori_slidingWindow,2020-04-13,0.9852837718011178,1.0454522913328,0.9273428177825692,POL
Poland,POL,ECDC,Confirmed cases,Cori_slidingWindow,2020-04-14,0.986931817885599,1.046904925712512,0.9283225886053983,POL
Poland,POL,ECDC,Confirmed cases,Cori_slidingWindow,2020-04-15,0.9797137466524743,1.0396955956068927,0.9209961879349396,POL
Poland,POL,ECDC,Confirmed cases,Cori_slidingWindow,2020-04-16,0.9650885127888034,1.0250119074775594,0.9069511523807977,POL
Poland,POL,ECDC,Confirmed cases,Cori_slidingWindow,2020-04-17,0.9495889609071917,1.0084470755889763,0.8913735000863598,POL
Poland,POL,ECDC,Confirmed cases,Cori_slidingWindow,2020-04-18,0.93390841976425365,0.9931996429346373,0.8764176712315067,POL
Poland,POL,ECDC,Confirmed cases,Cori_slidingWindow,2020-04-19,0.9210989204889888,0.9799749209413738,0.8639449838544757,POL
Poland,POL,ECDC,Confirmed cases,Cori_slidingWindow,2020-04-20,0.9151501752351734,0.9743961455286779,0.8576961390573999,POL
Poland,POL,ECDC,Confirmed cases,Cori_slidingWindow,2020-04-21,0.9130751654861946,0.9728394105712782,0.8555385938521272,POL
Poland,POL,ECDC,Confirmed cases,Cori_slidingWindow,2020-04-22,0.9171354717692884,0.9781873789646431,0.8580226737529084,POL
Poland,POL,ECDC,Confirmed cases,Cori_slidingWindow,2020-04-23,0.9229327358076682,0.983833998042617,0.8639514041198524,POL
Poland,POL,ECDC,Confirmed cases,Cori_slidingWindow,2020-04-24,0.9310153840357684,0.9931834405747685,0.8712417642138087,POL
Poland,POL,ECDC,Confirmed cases,Cori_slidingWindow,2020-04-25,0.9403671326899636,1.0036492650155246,0.8798234430041554,POL
Poland,POL,ECDC,Confirmed cases,Cori_slidingWindow,2020-04-26,0.956293171563843,1.020306690853496,0.894386723383212,POL
Poland,POL,ECDC,Confirmed cases,Cori_slidingWindow,2020-04-27,0.9772103839641701,1.0419974918125532,0.9147627767548778,POL
Poland,POL,ECDC,Confirmed cases,Cori_slidingWindow,2020-04-28,1.0032488019102366,1.06916761959847,0.939339130821735,POL
Poland,POL,ECDC,Confirmed cases,Cori_slidingWindow,2020-04-29,1.0320436533820734,1.0991345739180574,0.9670904292225305,POL
Poland,POL,ECDC,Confirmed cases,Cori_slidingWindow,2020-04-30,1.061244760538393,1.1292563141938337,0.9952289462841147,POL
Poland,POL,ECDC,Confirmed cases,Cori_slidingWindow,2020-05-01,1.0829240854292914,1.1515054617366183,1.0161727231969424,POL
Poland,POL,ECDC,Confirmed cases,Cori_slidingWindow,2020-05-02,1.09691815259328,1.1654179801114732,1.0302312364462447,POL
Poland,POL,ECDC,Confirmed cases,Cori_slidingWindow,2020-05-03,1.1014632911182005,1.1701230348897818,1.0348517790632505,POL
Poland,POL,ECDC,Confirmed cases,Cori_slidingWindow,2020-05-04,1.0965824762713503,1.1641170902164617,1.0312402394204472,POL
Poland,POL,ECDC,Confirmed cases,Cori_slidingWindow,2020-05-05,1.0891366205994002,1.1559083329967137,1.024044583553778,POL
Poland,POL,ECDC,Confirmed cases,Cori_slidingWindow,2020-05-06,1.0800512368125745,1.1461860767972982,1.016707801682792,POL
Poland,POL,ECDC,Confirmed cases,Cori_slidingWindow,2020-05-07,1.0743298804915955,1.1386449355981418,1.011476147937131,POL
Poland,POL,ECDC,Confirmed cases,Cori_slidingWindow,2020-05-08,1.0687396225710721,1.1324462204450374,1.006925640872423,POL
Poland,POL,ECDC,Confirmed cases,Cori_slidingWindow,2020-05-09,1.0629693829689673,1.1262652957456134,1.001359381177066,POL
Poland,POL,ECDC,Confirmed cases,Cori_slidingWindow,2020-05-10,1.0577780364847158,1.1205218135340598,0.9968178958120233,POL
Poland,POL,ECDC,Confirmed cases,Cori_slidingWindow,2020-05-11,1.0508665056372155,1.1130103283896768,0.9904840293785594,POL
Poland,POL,ECDC,Confirmed cases,Cori_slidingWindow,2020-05-12,1.041475987239922,1.102886636985242,0.9812010799362607,POL
Poland,POL,ECDC,Confirmed cases,Cori_slidingWindow,2020-05-13,1.0302404043689004,1.090624935993975,0.9712440372977625,POL
Poland,POL,ECDC,Confirmed cases,Cori_slidingWindow,2020-05-14,1.0250456530474712,1.0854605511532482,0.9658857132279616,POL
Poland,POL,ECDC,Confirmed cases,Cori_slidingWindow,2020-05-15,1.022864683929585,1.0830891993520608,0.9642791120198144,POL
Poland,POL,ECDC,Confirmed cases,Cori_slidingWindow,2020-05-16,1.019746801004534,1.079520639432733,0.9616526648947711,POL
Poland,POL,ECDC,Confirmed cases,Cori_slidingWindow,2020-05-17,1.0110973170279147,1.0703681515195775,0.9526451480851017,POL
Poland,POL,ECDC,Confirmed cases,Cori_slidingWindow,2020-05-18,0.9944679242600438,1.0538263029976278,0.9367032271122127,POL
Poland,POL,ECDC,Confirmed cases,Cori_slidingWindow,2020-05-19,0.9734083076236295,1.0319125257507993,0.9163126965701573,POL
Poland,POL,ECDC,Confirmed cases,Cori_slidingWindow,2020-05-20,0.9514939334268366,1.0088910778036275,0.895218176362035,POL
Poland,POL,ECDC,Confirmed cases,Cori_slidingWindow,2020-05-21,0.9317916056624371,0.9890898073966762,0.8761819820058621,POL
Poland,POL,ECDC,Confirmed cases,Cori_slidingWindow,2020-05-22,0.9211294586312992,0.9784024027632433,0.8655259341617109,POL
Poland,POL,ECDC,Confirmed cases,Cori_slidingWindow,2020-05-23,0.9241403462430159,0.9816606224379567,0.8683637725044143,POL
Poland,POL,ECDC,Confirmed cases,Cori_slidingWindow,2020-05-24,0.9440979589717394,1.0023050628270278,0.8870263648219671,POL
Poland,POL,ECDC,Confirmed cases,Cori_slidingWindow,2020-05-25,0.975474640552563,1.035984474342334,0.9182214637620368,POL
Poland,POL,ECDC,Confirmed cases,Cori_slidingWindow,2020-05-26,1.0141563690493804,1.076139916861859,0.9539868339711512,POL
Poland,POL,ECDC,Confirmed cases,Cori_slidingWindow,2020-05-27,1.0483013446587588,1.111641444424477,0.9867944271308161,POL
Poland,POL,ECDC,Confirmed cases,Cori_slidingWindow,2020-05-28,1.0768952642810556,1.1408255295182401,1.0148812925056394,POL
Poland,POL,ECDC,Confirmed cases,Cori_slidingWindow,2020-05-29,1.0969473204024671,1.1609272512490942,1.0347231938840773,POL
Poland,POL,ECDC,Confirmed cases,Cori_slidingWindow,2020-05-30,1.1172120563234595,1.1815176792289466,1.0546817691677621,POL
Poland,POL,ECDC,Confirmed cases,Cori_slidingWindow,2020-05-31,1.131585842478947,1.1957076623230862,1.0692075345916292,POL
Poland,POL,ECDC,Confirmed cases,Cori_slidingWindow,2020-06-01,1.135038056786744,1.1980570268867918,1.0735455019713127,POL
Poland,POL,ECDC,Confirmed cases,Cori_slidingWindow,2020-06-02,1.1221634308583845,1.1848616465004485,1.061991822540622,POL
Poland,POL,ECDC,Confirmed cases,Cori_slidingWindow,2020-06-03,1.1002401485028546,1.161702709128601,1.0412971842584955,POL
Poland,POL,ECDC,Confirmed cases,Cori_slidingWindow,2020-06-04,1.0726344670764567,1.132244244775697,1.0147811665123188,POL
Poland,POL,ECDC,Confirmed cases,Cori_slidingWindow,2020-06-05,1.0386894012554857,1.0958859298113899,0.9827054381474432,POL
Poland,POL,ECDC,Confirmed cases,Cori_slidingWindow,2020-06-06,0.9998447370210293,1.0561897996642513,0.9447856658075823,POL
Poland,POL,ECDC,Confirmed cases,Cori_slidingWindow,2020-06-07,0.9578216509761734,1.012687801077394,0.9044631457965495,POL
Poland,POL,ECDC,Confirmed cases,Cori_slidingWindow,2020-06-08,0.918994134610291,0.9723249300555227,0.8671056729916692,POL
Poland,POL,ECDC,Confirmed cases,Cori_slidingWindow,2020-06-09,0.892708666405328,0.9452821783479592,0.8407423512510659,POL
Poland,POL,ECDC,Confirmed cases,Cori_slidingWindow,2020-06-10,0.8748406201425006,0.9279284507879324,0.8234169389147176,POL
Poland,POL,ECDC,Confirmed cases,Cori_slidingWindow,2020-06-11,0.864136191394409,0.9172161785673457,0.8127244563352309,POL
Poland,POL,ECDC,Confirmed cases,Cori_slidingWindow,2020-06-12,0.855524845380584,0.9089433589181372,0.8037024847165624,POL
Poland,POL,ECDC,Confirmed cases,Cori_slidingWindow,2020-06-13,0.8460899901827698,0.9002442941571029,0.7935931902031711,POL
Poland,POL,ECDC,Confirmed cases,Cori_slidingWindow,2020-06-14,0.8367919646490388,0.8915541324471693,0.7844878201229728,POL
Poland,POL,ECDC,Confirmed cases,Cori_slidingWindow,2020-06-15,0.8322824138645134,0.8874924856932714,0.778821778171251,POL
Poland,POL,ECDC,Confirmed cases,Cori_slidingWindow,2020-06-16,0.8299326743891101,0.8864579538953699,0.775653433546696,POL
Poland,POL,ECDC,Confirmed cases,Cori_slidingWindow,2020-06-17,0.8337500540532646,0.8910230766372845,0.7783542675903082,POL
Poland,POL,ECDC,Confirmed cases,Cori_slidingWindow,2020-06-18,0.8458088328795378,0.90511999347708,0.7888876468677923,POL
Poland,POL,ECDC,Confirmed cases,Cori_slidingWindow,2020-06-19,0.8677040221471056,0.928523780211035,0.8088162560106913,POL
Poland,POL,ECDC,Confirmed cases,Cori_slidingWindow,2020-06-20,0.8941924519408859,0.957191053661252,0.8338795803287625,POL
Poland,POL,ECDC,Confirmed cases,Cori_slidingWindow,2020-06-21,0.9199007171909465,0.9842217692356091,0.8574248574081014,POL
Poland,POL,ECDC,Confirmed cases,Cori_slidingWindow,2020-06-22,0.9400670533873637,1.0063915194270279,0.875973420799312,POL
Poland,POL,ECDC,Confirmed cases,Cori_slidingWindow,2020-06-23,0.9525610358578093,1.0208166064689124,0.8870257174470484,POL
Poland,POL,ECDC,Confirmed cases,Cori_slidingWindow,2020-06-24,0.9658049009550997,1.0337321848064105,0.9001554514551257,POL
Poland,POL,ECDC,Confirmed cases,Cori_slidingWindow,2020-06-25,0.9706612852994769,1.039472667788773,0.9044210621619898,POL
Poland,POL,ECDC,Confirmed cases,Cori_slidingWindow,2020-06-26,0.9802368682882986,1.0493942600346728,0.9134836534968908,POL
Poland,POL,ECDC,Confirmed cases,Cori_slidingWindow,2020-06-27,0.9872952480084262,1.0572036417114916,0.9197464549626846,POL
Poland,POL,ECDC,Confirmed cases,Cori_slidingWindow,2020-06-28,0.9931815242984567,1.0635051722168178,0.9252347848773858,POL
Poland,POL,ECDC,Confirmed cases,Cori_slidingWindow,2020-06-29,0.9998811714483177,1.0712209783293702,0.9314361764647124,POL
Poland,POL,ECDC,Confirmed cases,Cori_slidingWindow,2020-06-30,1.005809687015693,1.077430166366405,0.9366742601185447,POL
Poland,POL,ECDC,Confirmed cases,Cori_slidingWindow,2020-07-01,1.012467425505323,1.0829790906804986,0.943789333362589,POL
Poland,POL,ECDC,Confirmed cases,Cori_slidingWindow,2020-07-02,1.0174634776286113,1.089128942903112,0.9483196427540969,POL
Poland,POL,ECDC,Confirmed cases,Cori_slidingWindow,2020-07-03,1.0262755206772327,1.0989208882511183,0.9580156520998817,POL
Poland,POL,ECDC,Confirmed cases,Cori_slidingWindow,2020-07-04,1.0357958491137451,1.1071214553144249,0.9660596887115925,POL
Poland,POL,ECDC,Confirmed cases,Cori_slidingWindow,2020-07-05,1.0495860322649964,1.1210923791009093,0.9796511185643932,POL
Poland,POL,ECDC,Confirmed cases,Cori_slidingWindow,2020-07-06,1.065640003089852,1.1368670667117164,0.9963887161110296,POL
Poland,POL,ECDC,Confirmed cases,Cori_slidingWindow,2020-07-07,1.0817906450164647,1.1537067545099038,1.0118728106113009,POL
Poland,POL,ECDC,Confirmed cases,Cori_slidingWindow,2020-07-08,1.0938971236986401,1.1656718314904888,1.0243727397349778,POL
Poland,POL,ECDC,Confirmed cases,Cori_slidingWindow,2020-07-09,1.1089049659622692,1.1809018217010592,1.0389560337839499,POL
Poland,POL,ECDC,Confirmed cases,Cori_slidingWindow,2020-07-10,1.1210414387541818,1.19338499594068,1.0512908528658773,POL
Poland,POL,ECDC,Confirmed cases,Cori_slidingWindow,2020-07-11,1.13658868352961,1.208191873959281,1.0671435916664687,POL
Poland,POL,ECDC,Confirmed cases,Cori_slidingWindow,2020-07-12,1.155569695944367,1.2264221192350813,1.0865614361499394,POL
Poland,POL,ECDC,Confirmed cases,Cori_slidingWindow,2020-07-13,1.170501690211405,1.2415506298838461,1.1015182297969957,POL
Poland,POL,ECDC,Confirmed cases,Cori_slidingWindow,2020-07-14,1.1822158424980467,1.2527191264170427,1.1137603626539883,POL
Poland,POL,ECDC,Confirmed cases,Cori_slidingWindow,2020-07-15,1.1941094490285737,1.263674293377536,1.1264877768522839,POL
Poland,POL,ECDC,Confirmed cases,Cori_slidingWindow,2020-07-16,1.2050214107596424,1.2739328531700704,1.138125990506435,POL
Poland,POL,ECDC,Confirmed cases,Cori_slidingWindow,2020-07-17,1.2180483840410836,1.2861340382991184,1.151762343613797,POL
Poland,POL,ECDC,Confirmed cases,Cori_slidingWindow,2020-07-18,1.2293319831288623,1.2959560496130562,1.1642618468409909,POL
Poland,POL,ECDC,Confirmed cases,Cori_slidingWindow,2020-07-19,1.2380201332611132,1.3031814665634076,1.1739158983801317,POL
Poland,POL,ECDC,Confirmed cases,Cori_slidingWindow,2020-07-20,1.2446156294761246,1.3085761567713887,1.1816274892170917,POL
Poland,POL,ECDC,Confirmed cases,Cori_slidingWindow,2020-07-21,1.2437146202733673,1.3066332460811088,1.1828284632151063,POL
Poland,POL,ECDC,Confirmed cases,Cori_slidingWindow,2020-07-22,1.2406250409161834,1.302103968118313,1.1802607529316813,POL
Poland,POL,ECDC,Confirmed cases,Cori_slidingWindow,2020-07-23,1.2350465377775923,1.294092888800305,1.1770924076738178,POL
Poland,POL,ECDC,Confirmed cases,Cori_slidingWindow,2020-07-24,1.228866301774353,1.2872565223594894,1.1718131481359917,POL
Poland,POL,ECDC,Confirmed cases,Cori_slidingWindow,2020-07-25,1.2207770351633769,1.2779701424222334,1.165141207193295,POL
Poland,POL,ECDC,Confirmed cases,Cori_slidingWindow,2020-07-26,1.2118126256053647,1.2673127934014272,1.1574171003315274,POL
Poland,POL,ECDC,Confirmed cases,Cori_slidingWindow,2020-07-27,1.198256387841614,1.2520117475914219,1.1454958233124348,POL
Poland,POL,ECDC,Confirmed cases,Cori_slidingWindow,2020-07-28,1.1788592476114998,1.230728480406843,1.12812220733899,POL
Poland,POL,ECDC,Confirmed cases,Cori_slidingWindow,2020-07-29,1.1590850274510485,1.209757115425098,1.1094824449973624,POL
Poland,POL,ECDC,Confirmed cases,Cori_slidingWindow,2020-07-30,1.135184361698857,1.1848916366815558,1.0867065897150894,POL
Poland,POL,ECDC,Confirmed cases,Cori_slidingWindow,2020-07-31,1.112708601185933,1.1606708048323164,1.0657447967447775,POL
Poland,POL,ECDC,Confirmed cases,Cori_slidingWindow,2020-08-01,1.092851089637566,1.1401126539696236,1.0467674881008275,POL
Poland,POL,ECDC,Confirmed cases,Cori_slidingWindow,2020-08-02,1.076167750512377,1.1222801556294986,1.0315493298253495,POL
Poland,POL,ECDC,Confirmed cases,Cori_slidingWindow,2020-08-03,1.059104946762409,1.1043571298859092,1.0147866745218328,POL
Poland,POL,ECDC,Confirmed cases,Cori_slidingWindow,2020-08-04,1.040451037456077,1.0852008372711033,0.9966307761474762,POL
Poland,POL,ECDC,Confirmed cases,Cori_slidingWindow,2020-08-05,1.022749444240616,1.0667857688025701,0.9802271432005842,POL
Poland,POL,ECDC,Confirmed cases,Cori_slidingWindow,2020-08-06,1.0086365807548021,1.0518395408664503,0.9663274110792557,POL
Poland,POL,ECDC,Confirmed cases,Cori_slidingWindow,2020-08-07,1.0010728302406533,1.0439804313397691,0.9590534895314726,POL
Poland,POL,ECDC,Confirmed cases,Cori_slidingWindow,2020-08-08,0.9973456409658321,1.0401905543209087,0.9554115198699261,POL
Poland,POL,ECDC,Confirmed cases,Cori_slidingWindow,2020-08-09,1.0001986991321858,1.0432988117717354,0.9579955205477543,POL
Poland,POL,ECDC,Confirmed cases,Cori_slidingWindow,2020-08-10,1.004079320812858,1.0468511197363746,0.9621876360135257,POL
Poland,POL,ECDC,Confirmed cases,Cori_slidingWindow,2020-08-11,1.005398799853234,1.0485900209601744,0.9632822096875965,POL
Poland,POL,ECDC,Confirmed cases,Cori_slidingWindow,2020-08-12,1.0075422795733584,1.0508224553603898,0.9651600135857809,POL
Poland,POL,ECDC,Confirmed cases,Cori_slidingWindow,2020-08-13,1.0110059720923008,1.0541630133924726,0.9687387937914639,POL
Poland,POL,ECDC,Confirmed cases,Cori_slidingWindow,2020-08-14,1.0141222608272809,1.0571385146063372,0.9722419279376627,POL
Poland,POL,ECDC,Confirmed cases,Cori_slidingWindow,2020-08-15,1.0193047973451512,1.06245026409047,0.9770416259882689,POL
Poland,POL,ECDC,Confirmed cases,Cori_slidingWindow,2020-08-16,1.0215588560901352,1.0650359009101606,0.9793402098968564,POL
Poland,POL,ECDC,Confirmed cases,Cori_slidingWindow,2020-08-17,1.019244985046657,1.062067061241956,0.9769515612228606,POL
Poland,POL,ECDC,Confirmed cases,Cori_slidingWindow,2020-08-18,1.0103075551775185,1.052960351466654,0.9685247444337082,POL
Poland,POL,ECDC,Confirmed cases,Cori_slidingWindow,2020-08-19,0.9941901435502923,1.036765292755936,0.9528064958618705,POL
Poland,POL,ECDC,Confirmed cases,Cori_slidingWindow,2020-08-20,0.9738104284681357,1.0157316469823923,0.9329387735763983,POL
Poland,POL,ECDC,Confirmed cases,Cori_slidingWindow,2020-08-21,0.9537535123558809,0.9954746316273801,0.9130035721385507,POL
Poland,POL,ECDC,Confirmed cases,Cori_slidingWindow,2020-08-22,0.9330218676766582,0.9739874624813538,0.8927457656320362,POL
Poland,POL,ECDC,Confirmed cases,Cori_slidingWindow,2020-08-23,0.912790918378245,0.9532696465836958,0.873178579936257,POL
Poland,POL,ECDC,Confirmed cases,Cori_slidingWindow,2020-08-24,0.8898697512110295,0.9300425660129212,0.8504419651536123,POL
Poland,POL,ECDC,Confirmed cases,Cori_slidingWindow,2020-08-25,0.8647774591115006,0.9049715255579545,0.8255185947976963,POL
Poland,POL,ECDC,Confirmed cases,Cori_slidingWindow,2020-08-26,0.8397251032057681,0.8800018427867823,0.8004380066219665,POL
Poland,POL,ECDC,Confirmed cases,Cori_slidingWindow,2020-08-27,0.818029269910864,0.8582371660849164,0.7787730619526594,POL
Poland,POL,ECDC,Confirmed cases,Cori_slidingWindow,2020-08-28,0.8034891583465563,0.8439949475892875,0.7639274722783731,POL
Poland,POL,ECDC,Confirmed cases,Cori_slidingWindow,2020-08-29,0.7978508950519931,0.8392313380318559,0.7575283443249341,POL
Poland,POL,ECDC,Confirmed cases,Cori_slidingWindow,2020-08-30,0.8024029071002041,0.844153933320654,0.7615097676486318,POL
Poland,POL,ECDC,Confirmed cases,Cori_slidingWindow,2020-08-31,0.8144343321165374,0.8579333438249989,0.772284290633293,POL
Poland,POL,ECDC,Confirmed cases,Cori_slidingWindow,2020-09-01,0.8366722696619039,0.881779579142221,0.7927245227057734,POL
Poland,POL,ECDC,Confirmed cases,Cori_slidingWindow,2020-09-02,0.8667555917974509,0.9136704540656624,0.8210606858657507,POL
Poland,POL,ECDC,Confirmed cases,Cori_slidingWindow,2020-09-03,0.9052324276028745,0.9541551901472778,0.8575908133414332,POL
Poland,POL,ECDC,Confirmed cases,Cori_slidingWindow,2020-09-04,0.9558394748834124,1.0067921939179203,0.9061921384823362,POL
Poland,POL,ECDC,Confirmed cases,Cori_slidingWindow,2020-09-05,1.0201420359480187,1.0737267580114496,0.96838744063557,POL
Poland,POL,ECDC,Confirmed cases,Cori_slidingWindow,2020-09-06,1.0928109950425806,1.148592539166162,1.0387218271914278,POL
Poland,POL,ECDC,Confirmed cases,Cori_slidingWindow,2020-09-07,1.1638949065437347,1.2211093362344598,1.1080348460482026,POL
Poland,POL,ECDC,Confirmed cases,Cori_slidingWindow,2020-09-08,1.2231467874193278,1.2815672104953983,1.1659982060008338,POL
Poland,POL,ECDC,Confirmed cases,Cori_slidingWindow,2020-09-09,1.2702618051422578,1.3287124277585454,1.213179727503177,POL
Poland,POL,ECDC,Confirmed cases,Cori_slidingWindow,2020-09-10,1.3123579366819653,1.3708567705720955,1.2551175230631626,POL
Poland,POL,ECDC,Confirmed cases,Cori_slidingWindow,2020-09-11,1.3507898914522103,1.4084037100537274,1.2943684279681829,POL
Poland,POL,ECDC,Confirmed cases,Cori_slidingWindow,2020-09-12,1.3853416762355828,1.4416488558756082,1.3301410354092573,POL
Poland,POL,ECDC,Confirmed cases,Cori_slidingWindow,2020-09-13,1.4070182886667586,1.4626516642274492,1.35297319022358,POL
Poland,POL,ECDC,Confirmed cases,Cori_slidingWindow,2020-09-14,1.418350024375721,1.4718409953826401,1.3658357983285685,POL
Poland,POL,ECDC,Confirmed cases,Cori_slidingWindow,2020-09-15,1.4159162448573888,1.4676390279734601,1.3648785602110836,POL
Poland,POL,ECDC,Confirmed cases,Cori_slidingWindow,2020-09-16,1.4066287044517984,1.4562576755469023,1.3578485224181058,POL
Poland,POL,ECDC,Confirmed cases,Cori_slidingWindow,2020-09-17,1.3934699181198562,1.441065799221179,1.3466625050133003,POL
Poland,POL,ECDC,Confirmed cases,Cori_slidingWindow,2020-09-18,1.3797579059285074,1.4253782337923415,1.3348695329280453,POL
Poland,POL,ECDC,Confirmed cases,Cori_slidingWindow,2020-09-19,1.3648705684476308,1.4088101200847407,1.3217759852094801,POL
Poland,POL,ECDC,Confirmed cases,Cori_slidingWindow,2020-09-20,1.3484406842425014,1.3903750236691312,1.3071397592660654,POL
Poland,POL,ECDC,Confirmed cases,Cori_slidingWindow,2020-09-21,1.3357686782957925,1.3761070010138017,1.2960222884281505,POL
Poland,POL,ECDC,Confirmed cases,Cori_slidingWindow,2020-09-22,1.3332126067799044,1.3722110190112211,1.2947687695862966,POL
Poland,POL,ECDC,Confirmed cases,Cori_slidingWindow,2020-09-23,1.3430292594399955,1.3812773263298332,1.305471143735857,POL
Poland,POL,ECDC,Confirmed cases,Cori_slidingWindow,2020-09-24,1.3616056696551062,1.398601800424018,1.3251341609992362,POL
Poland,POL,ECDC,Confirmed cases,Cori_slidingWindow,2020-09-25,1.389463863668819,1.4256191860560048,1.353823855185588,POL
Poland,POL,ECDC,Confirmed cases,Cori_slidingWindow,2020-09-26,1.4295413834385944,1.4650175514063257,1.3945238407423326,POL
Poland,POL,ECDC,Confirmed cases,Cori_slidingWindow,2020-09-27,1.4776489859062536,1.5124716060856294,1.443226410294652,POL
Poland,POL,ECDC,Confirmed cases,Cori_slidingWindow,2020-09-28,1.5299392958211202,1.564100929630958,1.4961497278467166,POL
Poland,POL,ECDC,Confirmed cases,Cori_slidingWindow,2020-09-29,1.5797194122857965,1.6129659025691296,1.5468144278722695,POL
Poland,POL,ECDC,Confirmed cases,Cori_slidingWindow,2020-09-30,1.6186754610234018,1.6508468536161847,1.5868163259415118,POL
Poland,POL,ECDC,Confirmed cases,Cori_slidingWindow,2020-10-01,1.6421415289021892,1.6729430131851568,1.6116223383819073,POL
Poland,POL,ECDC,Confirmed cases,Cori_slidingWindow,2020-10-02,1.6474583930875233,1.676828600499776,1.6183860196180089,POL
Poland,POL,ECDC,Confirmed cases,Cori_slidingWindow,2020-10-03,1.6407666314374567,1.6683407114567665,1.6133779475475991,POL
Poland,POL,ECDC,Confirmed cases,Cori_slidingWindow,2020-10-04,1.6243692412346207,1.6503724859951712,1.5985696626990638,POL
Poland,POL,ECDC,Confirmed cases,Cori_slidingWindow,2020-10-05,1.599231194919137,1.623650550386242,1.5749943390739427,POL
Poland,POL,ECDC,Confirmed cases,Cori_slidingWindow,2020-10-06,1.5696987746366426,1.5926707942818166,1.5469205396239294,POL
Poland,POL,ECDC,Confirmed cases,Cori_slidingWindow,2020-10-07,1.5397855556086926,1.561335035753985,1.5183837779285823,POL
Poland,POL,ECDC,Confirmed cases,Cori_step,2020-03-06,3.3072859999347055,3.7775774812641885,2.8675859983465712,POL
Poland,POL,ECDC,Confirmed cases,Cori_step,2020-03-07,3.3105712283594486,3.777874800592934,2.8677224434395567,POL
Poland,POL,ECDC,Confirmed cases,Cori_step,2020-03-08,3.440825604239146,3.9449125152433933,2.982164892791428,POL
Poland,POL,ECDC,Confirmed cases,Cori_step,2020-03-09,3.440825604239146,3.9449125152433933,2.982164892791428,POL
Poland,POL,ECDC,Confirmed cases,Cori_step,2020-03-10,1.7319816822122185,1.80102026575511,1.6645936958068022,POL
Poland,POL,ECDC,Confirmed cases,Cori_step,2020-03-11,1.7319816822122185,1.80102026575511,1.6645936958068022,POL
Poland,POL,ECDC,Confirmed cases,Cori_step,2020-03-12,1.7319816822122185,1.80102026575511,1.6645936958068022,POL
Poland,POL,ECDC,Confirmed cases,Cori_step,2020-03-13,1.7319816822122185,1.80102026575511,1.6645936958068022,POL
Poland,POL,ECDC,Confirmed cases,Cori_step,2020-03-14,1.7319816822122185,1.80102026575511,1.6645936958068022,POL
Poland,POL,ECDC,Confirmed cases,Cori_step,2020-03-15,1.7319816822122185,1.80102026575511,1.6645936958068022,POL
Poland,POL,ECDC,Confirmed cases,Cori_step,2020-03-16,1.7319816822122185,1.80102026575511,1.6645936958068022,POL
Poland,POL,ECDC,Confirmed cases,Cori_step,2020-03-17,1.7319816822122185,1.80102026575511,1.6645936958068022,POL
Poland,POL,ECDC,Confirmed cases,Cori_step,2020-03-18,1.7319816822122185,1.80102026575511,1.6645936958068022,POL
Poland,POL,ECDC,Confirmed cases,Cori_step,2020-03-19,1.7319816822122185,1.80102026575511,1.6645936958068022,POL
Poland,POL,ECDC,Confirmed cases,Cori_step,2020-03-20,1.7319816822122185,1.80102026575511,1.6645936958068022,POL
Poland,POL,ECDC,Confirmed cases,Cori_step,2020-03-21,1.7319816822122185,1.80102026575511,1.6645936958068022,POL
Poland,POL,ECDC,Confirmed cases,Cori_step,2020-03-22,1.7319816822122185,1.80102026575511,1.6645936958068022,POL
Poland,POL,ECDC,Confirmed cases,Cori_step,2020-03-23,1.7319816822122185,1.80102026575511,1.6645936958068022,POL
Poland,POL,ECDC,Confirmed cases,Cori_step,2020-03-24,1.7319816822122185,1.80102026575511,1.6645936958068022,POL
Poland,POL,ECDC,Confirmed cases,Cori_step,2020-03-25,1.0456977388786375,1.0671566009359348,1.0244971478016685,POL
Poland,POL,ECDC,Confirmed cases,Cori_step,2020-03-26,1.0456977388786375,1.0671566009359348,1.0244971478016685,POL
Poland,POL,ECDC,Confirmed cases,Cori_step,2020-03-27,1.0456977388786375,1.0671566009359348,1.0244971478016685,POL
Poland,POL,ECDC,Confirmed cases,Cori_step,2020-03-28,1.0456977388786375,1.0671566009359348,1.0244971478016685,POL
Poland,POL,ECDC,Confirmed cases,Cori_step,2020-03-29,1.0456977388786375,1.0671566009359348,1.0244971478016685,POL
Poland,POL,ECDC,Confirmed cases,Cori_step,2020-03-30,1.0456977388786375,1.0671566009359348,1.0244971478016685,POL
Poland,POL,ECDC,Confirmed cases,Cori_step,2020-03-31,1.0456977388786375,1.0671566009359348,1.0244971478016685,POL
Poland,POL,ECDC,Confirmed cases,Cori_step,2020-04-01,1.0456977388786375,1.0671566009359348,1.0244971478016685,POL
Poland,POL,ECDC,Confirmed cases,Cori_step,2020-04-02,1.0456977388786375,1.0671566009359348,1.0244971478016685,POL
Poland,POL,ECDC,Confirmed cases,Cori_step,2020-04-03,1.0456977388786375,1.0671566009359348,1.0244971478016685,POL
Poland,POL,ECDC,Confirmed cases,Cori_step,2020-04-04,1.0456977388786375,1.0671566009359348,1.0244971478016685,POL
Poland,POL,ECDC,Confirmed cases,Cori_step,2020-04-05,1.0456977388786375,1.0671566009359348,1.0244971478016685,POL
Poland,POL,ECDC,Confirmed cases,Cori_step,2020-04-06,1.0456977388786375,1.0671566009359348,1.0244971478016685,POL
Poland,POL,ECDC,Confirmed cases,Cori_step,2020-04-07,1.0456977388786375,1.0671566009359348,1.0244971478016685,POL
Poland,POL,ECDC,Confirmed cases,Cori_step,2020-04-08,1.0456977388786375,1.0671566009359348,1.0244971478016685,POL
Poland,POL,ECDC,Confirmed cases,Cori_step,2020-04-09,1.0456977388786375,1.0671566009359348,1.0244971478016685,POL
Poland,POL,ECDC,Confirmed cases,Cori_step,2020-04-10,1.0456977388786375,1.0671566009359348,1.0244971478016685,POL
Poland,POL,ECDC,Confirmed cases,Cori_step,2020-04-11,1.0456977388786375,1.0671566009359348,1.0244971478016685,POL
Poland,POL,ECDC,Confirmed cases,Cori_step,2020-04-12,1.0456977388786375,1.0671566009359348,1.0244971478016685,POL
Poland,POL,ECDC,Confirmed cases,Cori_step,2020-04-13,1.0456977388786375,1.0671566009359348,1.0244971478016685,POL
Poland,POL,ECDC,Confirmed cases,Cori_step,2020-04-14,1.0456977388786375,1.0671566009359348,1.0244971478016685,POL
Poland,POL,ECDC,Confirmed cases,Cori_step,2020-04-15,1.0456977388786375,1.0671566009359348,1.0244971478016685,POL
Poland,POL,ECDC,Confirmed cases,Cori_step,2020-04-16,1.0456977388786375,1.0671566009359348,1.0244971478016685,POL
Poland,POL,ECDC,Confirmed cases,Cori_step,2020-04-17,1.0456977388786375,1.0671566009359348,1.0244971478016685,POL
Poland,POL,ECDC,Confirmed cases,Cori_step,2020-04-18,1.0456977388786375,1.0671566009359348,1.0244971478016685,POL
Poland,POL,ECDC,Confirmed cases,Cori_step,2020-04-19,1.0456977388786375,1.0671566009359348,1.0244971478016685,POL
Poland,POL,ECDC,Confirmed cases,Cori_step,2020-04-20,1.2373662751313186,1.2439156829687732,1.23083391746358,POL
Poland,POL,ECDC,Confirmed cases,Cori_step,2020-04-21,1.2373662751313186,1.2439156829687732,1.23083391746358,POL
Poland,POL,ECDC,Confirmed cases,Cori_step,2020-04-22,1.2373662751313186,1.2439156829687732,1.23083391746358,POL
Poland,POL,ECDC,Confirmed cases,Cori_step,2020-04-23,1.2373662751313186,1.2439156829687732,1.23083391746358,POL
Poland,POL,ECDC,Confirmed cases,Cori_step,2020-04-24,1.2373662751313186,1.2439156829687732,1.23083391746358,POL
Poland,POL,ECDC,Confirmed cases,Cori_step,2020-04-25,1.2373662751313186,1.2439156829687732,1.23083391746358,POL
Poland,POL,ECDC,Confirmed cases,Cori_step,2020-04-26,1.2373662751313186,1.2439156829687732,1.23083391746358,POL
Poland,POL,ECDC,Confirmed cases,Cori_step,2020-04-27,1.2373662751313186,1.2439156829687732,1.23083391746358,POL
Poland,POL,ECDC,Confirmed cases,Cori_step,2020-04-28,1.2373662751313186,1.2439156829687732,1.23083391746358,POL
Poland,POL,ECDC,Confirmed cases,Cori_step,2020-04-29,1.2373662751313186,1.2439156829687732,1.23083391746358,POL
Poland,POL,ECDC,Confirmed cases,Cori_step,2020-04-30,1.2373662751313186,1.2439156829687732,1.23083391746358,POL
Poland,POL,ECDC,Confirmed cases,Cori_step,2020-05-01,1.2373662751313186,1.2439156829687732,1.23083391746358,POL
Poland,POL,ECDC,Confirmed cases,Cori_step,2020-05-02,1.2373662751313186,1.2439156829687732,1.23083391746358,POL
Poland,POL,ECDC,Confirmed cases,Cori_step,2020-05-03,1.2373662751313186,1.2439156829687732,1.23083391746358,POL
Poland,POL,ECDC,Confirmed cases,Cori_step,2020-05-04,1.2373662751313186,1.2439156829687732,1.23083391746358,POL
Poland,POL,ECDC,Confirmed cases,Cori_step,2020-05-05,1.2373662751313186,1.2439156829687732,1.23083391746358,POL
Poland,POL,ECDC,Confirmed cases,Cori_step,2020-05-06,1.2373662751313186,1.2439156829687732,1.23083391746358,POL
Poland,POL,ECDC,Confirmed cases,Cori_step,2020-05-07,1.2373662751313186,1.2439156829687732,1.23083391746358,POL
Poland,POL,ECDC,Confirmed cases,Cori_step,2020-05-08,1.2373662751313186,1.2439156829687732,1.23083391746358,POL
Poland,POL,ECDC,Confirmed cases,Cori_step,2020-05-09,1.2373662751313186,1.2439156829687732,1.23083391746358,POL
Poland,POL,ECDC,Confirmed cases,Cori_step,2020-05-10,1.2373662751313186,1.2439156829687732,1.23083391746358,POL
Poland,POL,ECDC,Confirmed cases,Cori_step,2020-05-11,1.2373662751313186,1.2439156829687732,1.23083391746358,POL
Poland,POL,ECDC,Confirmed cases,Cori_step,2020-05-12,1.2373662751313186,1.2439156829687732,1.23083391746358,POL
Poland,POL,ECDC,Confirmed cases,Cori_step,2020-05-13,1.2373662751313186,1.2439156829687732,1.23083391746358,POL
Poland,POL,ECDC,Confirmed cases,Cori_step,2020-05-14,1.2373662751313186,1.2439156829687732,1.23083391746358,POL
Poland,POL,ECDC,Confirmed cases,Cori_step,2020-05-15,1.2373662751313186,1.2439156829687732,1.23083391746358,POL
Poland,POL,ECDC,Confirmed cases,Cori_step,2020-05-16,1.2373662751313186,1.2439156829687732,1.23083391746358,POL
Poland,POL,ECDC,Confirmed cases,Cori_step,2020-05-17,1.2373662751313186,1.2439156829687732,1.23083391746358,POL
Poland,POL,ECDC,Confirmed cases,Cori_step,2020-05-18,1.2373662751313186,1.2439156829687732,1.23083391746358,POL
Poland,POL,ECDC,Confirmed cases,Cori_step,2020-05-19,1.2373662751313186,1.2439156829687732,1.23083391746358,POL
Poland,POL,ECDC,Confirmed cases,Cori_step,2020-05-20,1.2373662751313186,1.2439156829687732,1.23083391746358,POL
Poland,POL,ECDC,Confirmed cases,Cori_step,2020-05-21,1.2373662751313186,1.2439156829687732,1.23083391746358,POL
Poland,POL,ECDC,Confirmed cases,Cori_step,2020-05-22,1.2373662751313186,1.2439156829687732,1.23083391746358,POL
Poland,POL,ECDC,Confirmed cases,Cori_step,2020-05-23,1.2373662751313186,1.2439156829687732,1.23083391746358,POL
Poland,POL,ECDC,Confirmed cases,Cori_step,2020-05-24,1.2373662751313186,1.2439156829687732,1.23083391746358,POL
Poland,POL,ECDC,Confirmed cases,Cori_step,2020-05-25,1.2373662751313186,1.2439156829687732,1.23083391746358,POL
Poland,POL,ECDC,Confirmed cases,Cori_step,2020-05-26,1.2373662751313186,1.2439156829687732,1.23083391746358,POL
Poland,POL,ECDC,Confirmed cases,Cori_step,2020-05-27,1.2373662751313186,1.2439156829687732,1.23083391746358,POL
Poland,POL,ECDC,Confirmed cases,Cori_step,2020-05-28,1.2373662751313186,1.2439156829687732,1.23083391746358,POL
Poland,POL,ECDC,Confirmed cases,Cori_step,2020-05-29,1.2373662751313186,1.2439156829687732,1.23083391746358,POL
Poland,POL,ECDC,Confirmed cases,Cori_step,2020-05-30,1.2373662751313186,1.2439156829687732,1.23083391746358,POL
Poland,POL,ECDC,Confirmed cases,Cori_step,2020-05-31,1.2373662751313186,1.2439156829687732,1.23083391746358,POL
Poland,POL,ECDC,Confirmed cases,Cori_step,2020-06-01,1.2373662751313186,1.2439156829687732,1.23083391746358,POL
Poland,POL,ECDC,Confirmed cases,Cori_step,2020-06-02,1.2373662751313186,1.2439156829687732,1.23083391746358,POL
Poland,POL,ECDC,Confirmed cases,Cori_step,2020-06-03,1.2373662751313186,1.2439156829687732,1.23083391746358,POL
Poland,POL,ECDC,Confirmed cases,Cori_step,2020-06-04,1.2373662751313186,1.2439156829687732,1.23083391746358,POL
Poland,POL,ECDC,Confirmed cases,Cori_step,2020-06-05,1.2373662751313186,1.2439156829687732,1.23083391746358,POL
Poland,POL,ECDC,Confirmed cases,Cori_step,2020-06-06,1.2373662751313186,1.2439156829687732,1.23083391746358,POL
Poland,POL,ECDC,Confirmed cases,Cori_step,2020-06-07,1.2373662751313186,1.2439156829687732,1.23083391746358,POL
Poland,POL,ECDC,Confirmed cases,Cori_step,2020-06-08,1.2373662751313186,1.2439156829687732,1.23083391746358,POL
Poland,POL,ECDC,Confirmed cases,Cori_step,2020-06-09,1.2373662751313186,1.2439156829687732,1.23083391746358,POL
Poland,POL,ECDC,Confirmed cases,Cori_step,2020-06-10,1.2373662751313186,1.2439156829687732,1.23083391746358,POL
Poland,POL,ECDC,Confirmed cases,Cori_step,2020-06-11,1.2373662751313186,1.2439156829687732,1.23083391746358,POL
Poland,POL,ECDC,Confirmed cases,Cori_step,2020-06-12,1.2373662751313186,1.2439156829687732,1.23083391746358,POL
Poland,POL,ECDC,Confirmed cases,Cori_step,2020-06-13,1.2373662751313186,1.2439156829687732,1.23083391746358,POL
Poland,POL,ECDC,Confirmed cases,Cori_step,2020-06-14,1.2373662751313186,1.2439156829687732,1.23083391746358,POL
Poland,POL,ECDC,Confirmed cases,Cori_step,2020-06-15,1.2373662751313186,1.2439156829687732,1.23083391746358,POL
Poland,POL,ECDC,Confirmed cases,Cori_step,2020-06-16,1.2373662751313186,1.2439156829687732,1.23083391746358,POL
Poland,POL,ECDC,Confirmed cases,Cori_step,2020-06-17,1.2373662751313186,1.2439156829687732,1.23083391746358,POL
Poland,POL,ECDC,Confirmed cases,Cori_step,2020-06-18,1.2373662751313186,1.2439156829687732,1.23083391746358,POL
Poland,POL,ECDC,Confirmed cases,Cori_step,2020-06-19,1.2373662751313186,1.2439156829687732,1.23083391746358,POL
Poland,POL,ECDC,Confirmed cases,Cori_step,2020-06-20,1.2373662751313186,1.2439156829687732,1.23083391746358,POL
Poland,POL,ECDC,Confirmed cases,Cori_step,2020-06-21,1.2373662751313186,1.2439156829687732,1.23083391746358,POL
Poland,POL,ECDC,Confirmed cases,Cori_step,2020-06-22,1.2373662751313186,1.2439156829687732,1.23083391746358,POL
Poland,POL,ECDC,Confirmed cases,Cori_step,2020-06-23,1.2373662751313186,1.2439156829687732,1.23083391746358,POL
Poland,POL,ECDC,Confirmed cases,Cori_step,2020-06-24,1.2373662751313186,1.2439156829687732,1.23083391746358,POL
Poland,POL,ECDC,Confirmed cases,Cori_step,2020-06-25,1.2373662751313186,1.2439156829687732,1.23083391746358,POL
Poland,POL,ECDC,Confirmed cases,Cori_step,2020-06-26,1.2373662751313186,1.2439156829687732,1.23083391746358,POL
Poland,POL,ECDC,Confirmed cases,Cori_step,2020-06-27,1.2373662751313186,1.2439156829687732,1.23083391746358,POL
Poland,POL,ECDC,Confirmed cases,Cori_step,2020-06-28,1.2373662751313186,1.2439156829687732,1.23083391746358,POL
Poland,POL,ECDC,Confirmed cases,Cori_step,2020-06-29,1.2373662751313186,1.2439156829687732,1.23083391746358,POL
Poland,POL,ECDC,Confirmed cases,Cori_step,2020-06-30,1.2373662751313186,1.2439156829687732,1.23083391746358,POL
Poland,POL,ECDC,Confirmed cases,Cori_step,2020-07-01,1.2373662751313186,1.2439156829687732,1.23083391746358,POL
Poland,POL,ECDC,Confirmed cases,Cori_step,2020-07-02,1.2373662751313186,1.2439156829687732,1.23083391746358,POL
Poland,POL,ECDC,Confirmed cases,Cori_step,2020-07-03,1.2373662751313186,1.2439156829687732,1.23083391746358,POL
Poland,POL,ECDC,Confirmed cases,Cori_step,2020-07-04,1.2373662751313186,1.2439156829687732,1.23083391746358,POL
Poland,POL,ECDC,Confirmed cases,Cori_step,2020-07-05,1.2373662751313186,1.2439156829687732,1.23083391746358,POL
Poland,POL,ECDC,Confirmed cases,Cori_step,2020-07-06,1.2373662751313186,1.2439156829687732,1.23083391746358,POL
Poland,POL,ECDC,Confirmed cases,Cori_step,2020-07-07,1.2373662751313186,1.2439156829687732,1.23083391746358,POL
Poland,POL,ECDC,Confirmed cases,Cori_step,2020-07-08,1.2373662751313186,1.2439156829687732,1.23083391746358,POL
Poland,POL,ECDC,Confirmed cases,Cori_step,2020-07-09,1.2373662751313186,1.2439156829687732,1.23083391746358,POL
Poland,POL,ECDC,Confirmed cases,Cori_step,2020-07-10,1.2373662751313186,1.2439156829687732,1.23083391746358,POL
Poland,POL,ECDC,Confirmed cases,Cori_step,2020-07-11,1.2373662751313186,1.2439156829687732,1.23083391746358,POL
Poland,POL,ECDC,Confirmed cases,Cori_step,2020-07-12,1.2373662751313186,1.2439156829687732,1.23083391746358,POL
Poland,POL,ECDC,Confirmed cases,Cori_step,2020-07-13,1.2373662751313186,1.2439156829687732,1.23083391746358,POL
Poland,POL,ECDC,Confirmed cases,Cori_step,2020-07-14,1.2373662751313186,1.2439156829687732,1.23083391746358,POL
Poland,POL,ECDC,Confirmed cases,Cori_step,2020-07-15,1.2373662751313186,1.2439156829687732,1.23083391746358,POL
Poland,POL,ECDC,Confirmed cases,Cori_step,2020-07-16,1.2373662751313186,1.2439156829687732,1.23083391746358,POL
Poland,POL,ECDC,Confirmed cases,Cori_step,2020-07-17,1.2373662751313186,1.2439156829687732,1.23083391746358,POL
Poland,POL,ECDC,Confirmed cases,Cori_step,2020-07-18,1.2373662751313186,1.2439156829687732,1.23083391746358,POL
Poland,POL,ECDC,Confirmed cases,Cori_step,2020-07-19,1.2373662751313186,1.2439156829687732,1.23083391746358,POL
Poland,POL,ECDC,Confirmed cases,Cori_step,2020-07-20,1.2373662751313186,1.2439156829687732,1.23083391746358,POL
Poland,POL,ECDC,Confirmed cases,Cori_step,2020-07-21,1.2373662751313186,1.2439156829687732,1.23083391746358,POL
Poland,POL,ECDC,Confirmed cases,Cori_step,2020-07-22,1.2373662751313186,1.2439156829687732,1.23083391746358,POL
Poland,POL,ECDC,Confirmed cases,Cori_step,2020-07-23,1.2373662751313186,1.2439156829687732,1.23083391746358,POL
Poland,POL,ECDC,Confirmed cases,Cori_step,2020-07-24,1.2373662751313186,1.2439156829687732,1.23083391746358,POL
Poland,POL,ECDC,Confirmed cases,Cori_step,2020-07-25,1.2373662751313186,1.2439156829687732,1.23083391746358,POL
Poland,POL,ECDC,Confirmed cases,Cori_step,2020-07-26,1.2373662751313186,1.2439156829687732,1.23083391746358,POL
Poland,POL,ECDC,Confirmed cases,Cori_step,2020-07-27,1.2373662751313186,1.2439156829687732,1.23083391746358,POL
Poland,POL,ECDC,Confirmed cases,Cori_step,2020-07-28,1.2373662751313186,1.2439156829687732,1.23083391746358,POL
Poland,POL,ECDC,Confirmed cases,Cori_step,2020-07-29,1.2373662751313186,1.2439156829687732,1.23083391746358,POL
Poland,POL,ECDC,Confirmed cases,Cori_step,2020-07-30,1.2373662751313186,1.2439156829687732,1.23083391746358,POL
Poland,POL,ECDC,Confirmed cases,Cori_step,2020-07-31,1.2373662751313186,1.2439156829687732,1.23083391746358,POL
Poland,POL,ECDC,Confirmed cases,Cori_step,2020-08-01,1.2373662751313186,1.2439156829687732,1.23083391746358,POL
Poland,POL,ECDC,Confirmed cases,Cori_step,2020-08-02,1.2373662751313186,1.2439156829687732,1.23083391746358,POL
Poland,POL,ECDC,Confirmed cases,Cori_step,2020-08-03,1.2373662751313186,1.2439156829687732,1.23083391746358,POL
Poland,POL,ECDC,Confirmed cases,Cori_step,2020-08-04,1.2373662751313186,1.2439156829687732,1.23083391746358,POL
Poland,POL,ECDC,Confirmed cases,Cori_step,2020-08-05,1.2373662751313186,1.2439156829687732,1.23083391746358,POL
Poland,POL,ECDC,Confirmed cases,Cori_step,2020-08-06,1.2373662751313186,1.2439156829687732,1.23083391746358,POL
Poland,POL,ECDC,Confirmed cases,Cori_step,2020-08-07,1.2373662751313186,1.2439156829687732,1.23083391746358,POL
Poland,POL,ECDC,Confirmed cases,Cori_step,2020-08-08,1.2373662751313186,1.2439156829687732,1.23083391746358,POL
Poland,POL,ECDC,Confirmed cases,Cori_step,2020-08-09,1.2373662751313186,1.2439156829687732,1.23083391746358,POL
Poland,POL,ECDC,Confirmed cases,Cori_step,2020-08-10,1.2373662751313186,1.2439156829687732,1.23083391746358,POL
Poland,POL,ECDC,Confirmed cases,Cori_step,2020-08-11,1.2373662751313186,1.2439156829687732,1.23083391746358,POL
Poland,POL,ECDC,Confirmed cases,Cori_step,2020-08-12,1.2373662751313186,1.2439156829687732,1.23083391746358,POL
Poland,POL,ECDC,Confirmed cases,Cori_step,2020-08-13,1.2373662751313186,1.2439156829687732,1.23083391746358,POL
Poland,POL,ECDC,Confirmed cases,Cori_step,2020-08-14,1.2373662751313186,1.2439156829687732,1.23083391746358,POL
Poland,POL,ECDC,Confirmed cases,Cori_step,2020-08-15,1.2373662751313186,1.2439156829687732,1.23083391746358,POL
Poland,POL,ECDC,Confirmed cases,Cori_step,2020-08-16,1.2373662751313186,1.2439156829687732,1.23083391746358,POL
Poland,POL,ECDC,Confirmed cases,Cori_step,2020-08-17,1.2373662751313186,1.2439156829687732,1.23083391746358,POL
Poland,POL,ECDC,Confirmed cases,Cori_step,2020-08-18,1.2373662751313186,1.2439156829687732,1.23083391746358,POL
Poland,POL,ECDC,Confirmed cases,Cori_step,2020-08-19,1.2373662751313186,1.2439156829687732,1.23083391746358,POL
Poland,POL,ECDC,Confirmed cases,Cori_step,2020-08-20,1.2373662751313186,1.2439156829687732,1.23083391746358,POL
Poland,POL,ECDC,Confirmed cases,Cori_step,2020-08-21,1.2373662751313186,1.2439156829687732,1.23083391746358,POL
Poland,POL,ECDC,Confirmed cases,Cori_step,2020-08-22,1.2373662751313186,1.2439156829687732,1.23083391746358,POL
Poland,POL,ECDC,Confirmed cases,Cori_step,2020-08-23,1.2373662751313186,1.2439156829687732,1.23083391746358,POL
Poland,POL,ECDC,Confirmed cases,Cori_step,2020-08-24,1.2373662751313186,1.2439156829687732,1.23083391746358,POL
Poland,POL,ECDC,Confirmed cases,Cori_step,2020-08-25,1.2373662751313186,1.2439156829687732,1.23083391746358,POL
Poland,POL,ECDC,Confirmed cases,Cori_step,2020-08-26,1.2373662751313186,1.2439156829687732,1.23083391746358,POL
Poland,POL,ECDC,Confirmed cases,Cori_step,2020-08-27,1.2373662751313186,1.2439156829687732,1.23083391746358,POL
Poland,POL,ECDC,Confirmed cases,Cori_step,2020-08-28,1.2373662751313186,1.2439156829687732,1.23083391746358,POL
Poland,POL,ECDC,Confirmed cases,Cori_step,2020-08-29,1.2373662751313186,1.2439156829687732,1.23083391746358,POL
Poland,POL,ECDC,Confirmed cases,Cori_step,2020-08-30,1.2373662751313186,1.2439156829687732,1.23083391746358,POL
Poland,POL,ECDC,Confirmed cases,Cori_step,2020-08-31,1.2373662751313186,1.2439156829687732,1.23083391746358,POL
Poland,POL,ECDC,Confirmed cases,Cori_step,2020-09-01,1.2373662751313186,1.2439156829687732,1.23083391746358,POL
Poland,POL,ECDC,Confirmed cases,Cori_step,2020-09-02,1.2373662751313186,1.2439156829687732,1.23083391746358,POL
Poland,POL,ECDC,Confirmed cases,Cori_step,2020-09-03,1.2373662751313186,1.2439156829687732,1.23083391746358,POL
Poland,POL,ECDC,Confirmed cases,Cori_step,2020-09-04,1.2373662751313186,1.2439156829687732,1.23083391746358,POL
Poland,POL,ECDC,Confirmed cases,Cori_step,2020-09-05,1.2373662751313186,1.2439156829687732,1.23083391746358,POL
Poland,POL,ECDC,Confirmed cases,Cori_step,2020-09-06,1.2373662751313186,1.2439156829687732,1.23083391746358,POL
Poland,POL,ECDC,Confirmed cases,Cori_step,2020-09-07,1.2373662751313186,1.2439156829687732,1.23083391746358,POL
Poland,POL,ECDC,Confirmed cases,Cori_step,2020-09-08,1.2373662751313186,1.2439156829687732,1.23083391746358,POL
Poland,POL,ECDC,Confirmed cases,Cori_step,2020-09-09,1.2373662751313186,1.2439156829687732,1.23083391746358,POL
Poland,POL,ECDC,Confirmed cases,Cori_step,2020-09-10,1.2373662751313186,1.2439156829687732,1.23083391746358,POL
Poland,POL,ECDC,Confirmed cases,Cori_step,2020-09-11,1.2373662751313186,1.2439156829687732,1.23083391746358,POL
Poland,POL,ECDC,Confirmed cases,Cori_step,2020-09-12,1.2373662751313186,1.2439156829687732,1.23083391746358,POL
Poland,POL,ECDC,Confirmed cases,Cori_step,2020-09-13,1.2373662751313186,1.2439156829687732,1.23083391746358,POL
Poland,POL,ECDC,Confirmed cases,Cori_step,2020-09-14,1.2373662751313186,1.2439156829687732,1.23083391746358,POL
Poland,POL,ECDC,Confirmed cases,Cori_step,2020-09-15,1.2373662751313186,1.2439156829687732,1.23083391746358,POL
Poland,POL,ECDC,Confirmed cases,Cori_step,2020-09-16,1.2373662751313186,1.2439156829687732,1.23083391746358,POL
Poland,POL,ECDC,Confirmed cases,Cori_step,2020-09-17,1.2373662751313186,1.2439156829687732,1.23083391746358,POL
Poland,POL,ECDC,Confirmed cases,Cori_step,2020-09-18,1.2373662751313186,1.2439156829687732,1.23083391746358,POL
Poland,POL,ECDC,Confirmed cases,Cori_step,2020-09-19,1.2373662751313186,1.2439156829687732,1.23083391746358,POL
Poland,POL,ECDC,Confirmed cases,Cori_step,2020-09-20,1.2373662751313186,1.2439156829687732,1.23083391746358,POL
Poland,POL,ECDC,Confirmed cases,Cori_step,2020-09-21,1.2373662751313186,1.2439156829687732,1.23083391746358,POL
Poland,POL,ECDC,Confirmed cases,Cori_step,2020-09-22,1.2373662751313186,1.2439156829687732,1.23083391746358,POL
Poland,POL,ECDC,Confirmed cases,Cori_step,2020-09-23,1.2373662751313186,1.2439156829687732,1.23083391746358,POL
Poland,POL,ECDC,Confirmed cases,Cori_step,2020-09-24,1.2373662751313186,1.2439156829687732,1.23083391746358,POL
Poland,POL,ECDC,Confirmed cases,Cori_step,2020-09-25,1.2373662751313186,1.2439156829687732,1.23083391746358,POL
Poland,POL,ECDC,Confirmed cases,Cori_step,2020-09-26,1.2373662751313186,1.2439156829687732,1.23083391746358,POL
Poland,POL,ECDC,Confirmed cases,Cori_step,2020-09-27,1.2373662751313186,1.2439156829687732,1.23083391746358,POL
Poland,POL,ECDC,Confirmed cases,Cori_step,2020-09-28,1.2373662751313186,1.2439156829687732,1.23083391746358,POL
Poland,POL,ECDC,Confirmed cases,Cori_step,2020-09-29,1.2373662751313186,1.2439156829687732,1.23083391746358,POL
Poland,POL,ECDC,Confirmed cases,Cori_step,2020-09-30,1.2373662751313186,1.2439156829687732,1.23083391746358,POL
Poland,POL,ECDC,Confirmed cases,Cori_step,2020-10-01,1.2373662751313186,1.2439156829687732,1.23083391746358,POL
Poland,POL,ECDC,Confirmed cases,Cori_step,2020-10-02,1.2373662751313186,1.2439156829687732,1.23083391746358,POL
Poland,POL,ECDC,Confirmed cases,Cori_step,2020-10-03,1.2373662751313186,1.2439156829687732,1.23083391746358,POL
Poland,POL,ECDC,Confirmed cases,Cori_step,2020-10-04,1.2373662751313186,1.2439156829687732,1.23083391746358,POL
Poland,POL,ECDC,Confirmed cases,Cori_step,2020-10-05,1.2373662751313186,1.2439156829687732,1.23083391746358,POL
Poland,POL,ECDC,Confirmed cases,Cori_step,2020-10-06,1.2373662751313186,1.2439156829687732,1.23083391746358,POL
Poland,POL,ECDC,Confirmed cases,Cori_step,2020-10-07,1.2373662751313186,1.2439156829687732,1.23083391746358,POL
Poland,POL,ECDC,Deaths,Cori_slidingWindow,2020-03-17,2.119881564059787,2.8732076997261995,1.4846716993925722,POL
Poland,POL,ECDC,Deaths,Cori_slidingWindow,2020-03-18,2.067793392092905,2.7544251306050738,1.4577604878069015,POL
Poland,POL,ECDC,Deaths,Cori_slidingWindow,2020-03-19,1.9142267975362552,2.5248831880771503,1.3889059154420949,POL
Poland,POL,ECDC,Deaths,Cori_slidingWindow,2020-03-20,1.7836798945347878,2.3073876654385015,1.3129074103885994,POL
Poland,POL,ECDC,Deaths,Cori_slidingWindow,2020-03-21,1.656100050169667,2.1267788285304925,1.2404746857795939,POL
Poland,POL,ECDC,Deaths,Cori_slidingWindow,2020-03-22,1.548180898296513,1.9910985026027295,1.1665843944467578,POL
Poland,POL,ECDC,Deaths,Cori_slidingWindow,2020-03-23,1.4564099137569204,1.8500453234826513,1.1134861934889488,POL
Poland,POL,ECDC,Deaths,Cori_slidingWindow,2020-03-24,1.3841877951773576,1.7405039982939101,1.056753140609108,POL
Poland,POL,ECDC,Deaths,Cori_slidingWindow,2020-03-25,1.3011595914497425,1.6368295556675412,1.0052847614129592,POL
Poland,POL,ECDC,Deaths,Cori_slidingWindow,2020-03-26,1.2308127508025772,1.5491575779691529,0.9486871884009774,POL
Poland,POL,ECDC,Deaths,Cori_slidingWindow,2020-03-27,1.1727291321753988,1.4752912569729308,0.9066749696102522,POL
Poland,POL,ECDC,Deaths,Cori_slidingWindow,2020-03-28,1.1306495066773103,1.4119069700021027,0.8738287933080473,POL
Poland,POL,ECDC,Deaths,Cori_slidingWindow,2020-03-29,1.0899728442021217,1.3664157881780852,0.8504199983460985,POL
Poland,POL,ECDC,Deaths,Cori_slidingWindow,2020-03-30,1.0802535820642702,1.3512264477767182,0.8346842029452681,POL
Poland,POL,ECDC,Deaths,Cori_slidingWindow,2020-03-31,1.0694216920856565,1.3432649460314823,0.8302599856342393,POL
Poland,POL,ECDC,Deaths,Cori_slidingWindow,2020-04-01,1.0810083914827702,1.347647251107161,0.8409196345246389,POL
Poland,POL,ECDC,Deaths,Cori_slidingWindow,2020-04-02,1.0894768289442145,1.3560522670808808,0.850451304284991,POL
Poland,POL,ECDC,Deaths,Cori_slidingWindow,2020-04-03,1.1001149393905811,1.3654404430799574,0.8602048612084238,POL
Poland,POL,ECDC,Deaths,Cori_slidingWindow,2020-04-04,1.1019498183922858,1.3633328689974888,0.8654030866417566,POL
Poland,POL,ECDC,Deaths,Cori_slidingWindow,2020-04-05,1.100295806650004,1.3555462171971906,0.8667691238358339,POL
Poland,POL,ECDC,Deaths,Cori_slidingWindow,2020-04-06,1.0881124828887696,1.3445508781844322,0.8592239536750528,POL
Poland,POL,ECDC,Deaths,Cori_slidingWindow,2020-04-07,1.075037240441763,1.3249394591545238,0.8462458365390992,POL
Poland,POL,ECDC,Deaths,Cori_slidingWindow,2020-04-08,1.0481999379278346,1.2978474139805085,0.8257210531543806,POL
Poland,POL,ECDC,Deaths,Cori_slidingWindow,2020-04-09,1.0250693155458077,1.2694773111202007,0.8032943874532495,POL
Poland,POL,ECDC,Deaths,Cori_slidingWindow,2020-04-10,0.9854790905828898,1.225313460825474,0.7756329378610693,POL
Poland,POL,ECDC,Deaths,Cori_slidingWindow,2020-04-11,0.949626431603853,1.1800178661211496,0.7400283366253426,POL
Poland,POL,ECDC,Deaths,Cori_slidingWindow,2020-04-12,0.9114804639367428,1.1384023126335356,0.7112278931344064,POL
Poland,POL,ECDC,Deaths,Cori_slidingWindow,2020-04-13,0.8768606051353807,1.100755693721645,0.6791603162615948,POL
Poland,POL,ECDC,Deaths,Cori_slidingWindow,2020-04-14,0.8485481631417899,1.075143397555037,0.648111623901751,POL
Poland,POL,ECDC,Deaths,Cori_slidingWindow,2020-04-15,0.8255425808528893,1.0480843126314021,0.6280428879413619,POL
Poland,POL,ECDC,Deaths,Cori_slidingWindow,2020-04-16,0.8059480378367017,1.0291115803053776,0.6078975096183746,POL
Poland,POL,ECDC,Deaths,Cori_slidingWindow,2020-04-17,0.7942670940969604,1.0234705248655815,0.5987335361456014,POL
Poland,POL,ECDC,Deaths,Cori_slidingWindow,2020-04-18,0.8102000173704947,1.051108617392581,0.5969112189764739,POL
Poland,POL,ECDC,Deaths,Cori_slidingWindow,2020-04-19,0.8362636522136131,1.0756570609005587,0.6193045581415402,POL
Poland,POL,ECDC,Deaths,Cori_slidingWindow,2020-04-20,0.8606680732690878,1.1151038653352643,0.6407142234692988,POL
Poland,POL,ECDC,Deaths,Cori_slidingWindow,2020-04-21,0.9019863949775755,1.1613467664620774,0.6734003586005959,POL
Poland,POL,ECDC,Deaths,Cori_slidingWindow,2020-04-22,0.9387433177631432,1.2094231733506946,0.7000230944640842,POL
Poland,POL,ECDC,Deaths,Cori_slidingWindow,2020-04-23,0.9504627997615896,1.2324371222772537,0.7131664800662413,POL
Poland,POL,ECDC,Deaths,Cori_slidingWindow,2020-04-24,0.9598261869868224,1.2510171860419883,0.7031929967013238,POL
Poland,POL,ECDC,Deaths,Cori_slidingWindow,2020-04-25,0.9525495655137814,1.2349567251291067,0.6992182698090469,POL
Poland,POL,ECDC,Deaths,Cori_slidingWindow,2020-04-26,0.9374619667082522,1.2216786158058204,0.6904378564285321,POL
Poland,POL,ECDC,Deaths,Cori_slidingWindow,2020-04-27,0.919858156454026,1.2005796805850328,0.6733434742424617,POL
Poland,POL,ECDC,Deaths,Cori_slidingWindow,2020-04-28,0.8955305356155322,1.174459959870694,0.6539781900247852,POL
Poland,POL,ECDC,Deaths,Cori_slidingWindow,2020-04-29,0.8676416599514672,1.1438751087720536,0.6284836537751961,POL
Poland,POL,ECDC,Deaths,Cori_slidingWindow,2020-04-30,0.8414981125173984,1.118885441327295,0.6054157403577818,POL
Poland,POL,ECDC,Deaths,Cori_slidingWindow,2020-05-01,0.8167232726670712,1.098695552928263,0.5796082783196693,POL
Poland,POL,ECDC,Deaths,Cori_slidingWindow,2020-05-02,0.7961161299405957,1.0779387866863541,0.5561855363039424,POL
Poland,POL,ECDC,Deaths,Cori_slidingWindow,2020-05-03,0.775111957672068,1.0564634776109132,0.5372308912906839,POL
Poland,POL,ECDC,Deaths,Cori_slidingWindow,2020-05-04,0.757176033469057,1.0411958620094568,0.5185344891216935,POL
Poland,POL,ECDC,Deaths,Cori_slidingWindow,2020-05-05,0.7558043930374064,1.0437487431657224,0.5078247379293847,POL
Poland,POL,ECDC,Deaths,Cori_slidingWindow,2020-05-06,0.7594624600407649,1.0632986825713422,0.5104251463060393,POL
Poland,POL,ECDC,Deaths,Cori_slidingWindow,2020-05-07,0.7881089616093561,1.1019928691514234,0.5210611750665028,POL
Poland,POL,ECDC,Deaths,Cori_slidingWindow,2020-05-08,0.8267814774032829,1.1628880038437848,0.543585748794874,POL
Poland,POL,ECDC,Deaths,Cori_slidingWindow,2020-05-09,0.8664218931544044,1.2115832680013379,0.5731268700544212,POL
Poland,POL,ECDC,Deaths,Cori_slidingWindow,2020-05-10,0.9097502054732431,1.274952118649044,0.609241720073631,POL
Poland,POL,ECDC,Deaths,Cori_slidingWindow,2020-05-11,0.9706729083180279,1.3502036842614111,0.648951181323453,POL
Poland,POL,ECDC,Deaths,Cori_slidingWindow,2020-05-12,1.0288039768470885,1.4252301249143982,0.7012972281431257,POL
Poland,POL,ECDC,Deaths,Cori_slidingWindow,2020-05-13,1.0769566491042013,1.4890382578046102,0.7363921026104039,POL
Poland,POL,ECDC,Deaths,Cori_slidingWindow,2020-05-14,1.1138792510142679,1.5317789888812192,0.7628400455782799,POL
Poland,POL,ECDC,Deaths,Cori_slidingWindow,2020-05-15,1.1375437182474957,1.5545027345551412,0.7797226907541329,POL
Poland,POL,ECDC,Deaths,Cori_slidingWindow,2020-05-16,1.1524436700324845,1.569901098008358,0.7936357991054169,POL
Poland,POL,ECDC,Deaths,Cori_slidingWindow,2020-05-17,1.1633059844139941,1.5794885158809966,0.8087387338637971,POL
Poland,POL,ECDC,Deaths,Cori_slidingWindow,2020-05-18,1.1730494456247502,1.5756670866889964,0.8215833420276759,POL
Poland,POL,ECDC,Deaths,Cori_slidingWindow,2020-05-19,1.1713515177884617,1.574646996594681,0.8285896307964901,POL
Poland,POL,ECDC,Deaths,Cori_slidingWindow,2020-05-20,1.1619404164571674,1.551368720542243,0.817396620968458,POL
Poland,POL,ECDC,Deaths,Cori_slidingWindow,2020-05-21,1.131349003289186,1.5087732347313119,0.8070679208841215,POL
Poland,POL,ECDC,Deaths,Cori_slidingWindow,2020-05-22,1.1005785361137779,1.4697866914629083,0.7792417894309411,POL
Poland,POL,ECDC,Deaths,Cori_slidingWindow,2020-05-23,1.0704055954201088,1.4330394627279228,0.7629082111230121,POL
Poland,POL,ECDC,Deaths,Cori_slidingWindow,2020-05-24,1.057963422131978,1.4151823053805697,0.7540544317161557,POL
Poland,POL,ECDC,Deaths,Cori_slidingWindow,2020-05-25,1.0607301582518582,1.4227771245086371,0.7600680267386335,POL
Poland,POL,ECDC,Deaths,Cori_slidingWindow,2020-05-26,1.0763980882931383,1.4320183411495258,0.7743188748222083,POL
Poland,POL,ECDC,Deaths,Cori_slidingWindow,2020-05-27,1.0894648685722361,1.440778517311512,0.7862673143271072,POL
Poland,POL,ECDC,Deaths,Cori_slidingWindow,2020-05-28,1.0937977484157817,1.4457724036646786,0.7927257920645574,POL
Poland,POL,ECDC,Deaths,Cori_slidingWindow,2020-05-29,1.0809235681836917,1.4235773110768604,0.784624673904262,POL
Poland,POL,ECDC,Deaths,Cori_slidingWindow,2020-05-30,1.0689921270976233,1.4008365571476107,0.7722496630677181,POL
Poland,POL,ECDC,Deaths,Cori_slidingWindow,2020-05-31,1.0489578957330579,1.3826887412710445,0.7680322034781104,POL
Poland,POL,ECDC,Deaths,Cori_slidingWindow,2020-06-01,1.0467268540512913,1.376474674134245,0.7599385399918289,POL
Poland,POL,ECDC,Deaths,Cori_slidingWindow,2020-06-02,1.0330279634732797,1.363123358409592,0.7542740041143237,POL
Poland,POL,ECDC,Deaths,Cori_slidingWindow,2020-06-03,1.0238062009049669,1.3542140376844163,0.7446101222028837,POL
Poland,POL,ECDC,Deaths,Cori_slidingWindow,2020-06-04,1.0050068659380635,1.3191279656238764,0.7301457679116068,POL
Poland,POL,ECDC,Deaths,Cori_slidingWindow,2020-06-05,0.9750594945471263,1.2854019436661308,0.7067805448868139,POL
Poland,POL,ECDC,Deaths,Cori_slidingWindow,2020-06-06,0.9423647062894493,1.2447649536658238,0.677190580784941,POL
Poland,POL,ECDC,Deaths,Cori_slidingWindow,2020-06-07,0.9090859699903255,1.207983678829453,0.6532408812980435,POL
Poland,POL,ECDC,Deaths,Cori_slidingWindow,2020-06-08,0.8877069318839713,1.183937282381349,0.6280195984394898,POL
Poland,POL,ECDC,Deaths,Cori_slidingWindow,2020-06-09,0.8768458709118556,1.1765924473096943,0.6247944490831047,POL
Poland,POL,ECDC,Deaths,Cori_slidingWindow,2020-06-10,0.8754386156545265,1.1798173126142382,0.6171277421830941,POL
Poland,POL,ECDC,Deaths,Cori_slidingWindow,2020-06-11,0.8738990536750775,1.1821280666233944,0.6127984455617228,POL
Poland,POL,ECDC,Deaths,Cori_slidingWindow,2020-06-12,0.8640279175768859,1.1765618618521745,0.5961291308865528,POL
Poland,POL,ECDC,Deaths,Cori_slidingWindow,2020-06-13,0.8495968348129174,1.1558814368559012,0.5825237612712313,POL
Poland,POL,ECDC,Deaths,Cori_slidingWindow,2020-06-14,0.8327262283621406,1.1500321963158826,0.5673218062446068,POL
Poland,POL,ECDC,Deaths,Cori_slidingWindow,2020-06-15,0.825873847538447,1.1449199465220576,0.5515928322806299,POL
Poland,POL,ECDC,Deaths,Cori_slidingWindow,2020-06-16,0.8259291371787891,1.1587744556903337,0.5527302550880325,POL
Poland,POL,ECDC,Deaths,Cori_slidingWindow,2020-06-17,0.8361715720836389,1.168708092122876,0.5529768468559947,POL
Poland,POL,ECDC,Deaths,Cori_slidingWindow,2020-06-18,0.8342201845335173,1.1813351958951184,0.5480443619452949,POL
Poland,POL,ECDC,Deaths,Cori_slidingWindow,2020-06-19,0.8306367174845303,1.1837017815306987,0.5376986530966898,POL
Poland,POL,ECDC,Deaths,Cori_slidingWindow,2020-06-20,0.8234435273255867,1.187623312192182,0.5278020714020218,POL
Poland,POL,ECDC,Deaths,Cori_slidingWindow,2020-06-21,0.8173173770038551,1.1914995918842435,0.5204570538001059,POL
Poland,POL,ECDC,Deaths,Cori_slidingWindow,2020-06-22,0.827006028821102,1.1982977943205466,0.5155449352272381,POL
Poland,POL,ECDC,Deaths,Cori_slidingWindow,2020-06-23,0.8457225896179618,1.2319380522415884,0.5251997225238801,POL
Poland,POL,ECDC,Deaths,Cori_slidingWindow,2020-06-24,0.8658812305083069,1.2541941781579014,0.5416560427523165,POL
Poland,POL,ECDC,Deaths,Cori_slidingWindow,2020-06-25,0.8866136870226101,1.2887623141791928,0.5570884409867655,POL
Poland,POL,ECDC,Deaths,Cori_slidingWindow,2020-06-26,0.8985301320072802,1.3109743842078077,0.5619183432845306,POL
Poland,POL,ECDC,Deaths,Cori_slidingWindow,2020-06-27,0.8977667996375809,1.3223930142088531,0.5625414226560895,POL
Poland,POL,ECDC,Deaths,Cori_slidingWindow,2020-06-28,0.9005051958692688,1.3378231893837151,0.5550784473195373,POL
Poland,POL,ECDC,Deaths,Cori_slidingWindow,2020-06-29,0.9109787260962691,1.3533300929444254,0.5575406751932209,POL
Poland,POL,ECDC,Deaths,Cori_slidingWindow,2020-06-30,0.9187825864945234,1.361422954211408,0.5551389806661282,POL
Poland,POL,ECDC,Deaths,Cori_slidingWindow,2020-07-01,0.9268786873133766,1.3869320689903177,0.57075431110281,POL
Poland,POL,ECDC,Deaths,Cori_slidingWindow,2020-07-02,0.9379637210327214,1.4050496610295082,0.5686776676306328,POL
Poland,POL,ECDC,Deaths,Cori_slidingWindow,2020-07-03,0.9506819349628418,1.4057321618359815,0.564478683245984,POL
Poland,POL,ECDC,Deaths,Cori_slidingWindow,2020-07-04,0.9636354533368395,1.435794549782162,0.5790414909346724,POL
Poland,POL,ECDC,Deaths,Cori_slidingWindow,2020-07-05,0.9690644816674691,1.4355793236261885,0.5858237419285893,POL
Poland,POL,ECDC,Deaths,Cori_slidingWindow,2020-07-06,0.9811110973402349,1.4621109542687896,0.5993431039669639,POL
Poland,POL,ECDC,Deaths,Cori_slidingWindow,2020-07-07,1.020285074122263,1.520667899276745,0.6297863726945835,POL
Poland,POL,ECDC,Deaths,Cori_slidingWindow,2020-07-08,1.0579025015729666,1.5752910528644104,0.6385041744220787,POL
Poland,POL,ECDC,Deaths,Cori_slidingWindow,2020-07-09,1.0886700589864144,1.5898199888164157,0.6713175815721304,POL
Poland,POL,ECDC,Deaths,Cori_slidingWindow,2020-07-10,1.1074959592474742,1.629605718287976,0.6983046433917556,POL
Poland,POL,ECDC,Deaths,Cori_slidingWindow,2020-07-11,1.1108297982599977,1.611658089491932,0.6954553393306435,POL
Poland,POL,ECDC,Deaths,Cori_slidingWindow,2020-07-12,1.1300948417975596,1.6411484744090068,0.7059288731904667,POL
Poland,POL,ECDC,Deaths,Cori_slidingWindow,2020-07-13,1.1608530561840167,1.6691441260987585,0.7340321497081437,POL
Poland,POL,ECDC,Deaths,Cori_slidingWindow,2020-07-14,1.1998948990855858,1.6864510637652737,0.7676471952812428,POL
Poland,POL,ECDC,Deaths,Cori_slidingWindow,2020-07-15,1.2169899123743821,1.7219739525824826,0.8008527400141439,POL
Poland,POL,ECDC,Deaths,Cori_slidingWindow,2020-07-16,1.2349951341031382,1.7354377912489793,0.8196637566857133,POL
Poland,POL,ECDC,Deaths,Cori_slidingWindow,2020-07-17,1.2197100114293353,1.704015531197581,0.8151448798882553,POL
Poland,POL,ECDC,Deaths,Cori_slidingWindow,2020-07-18,1.1849187152098921,1.6538641527025304,0.7980169570638299,POL
Poland,POL,ECDC,Deaths,Cori_slidingWindow,2020-07-19,1.1576352717596425,1.610163096144695,0.7789399612606684,POL
Poland,POL,ECDC,Deaths,Cori_slidingWindow,2020-07-20,1.1347657277275305,1.5581483583465463,0.7675023972604975,POL
Poland,POL,ECDC,Deaths,Cori_slidingWindow,2020-07-21,1.1174472876571853,1.5485047444624351,0.7602041537087214,POL
Poland,POL,ECDC,Deaths,Cori_slidingWindow,2020-07-22,1.1153176594294218,1.5340744430843196,0.759285657097858,POL
Poland,POL,ECDC,Deaths,Cori_slidingWindow,2020-07-23,1.106211579013525,1.5213047817706893,0.7547608395465294,POL
Poland,POL,ECDC,Deaths,Cori_slidingWindow,2020-07-24,1.0878147144945656,1.4876468780998862,0.7473499598743332,POL
Poland,POL,ECDC,Deaths,Cori_slidingWindow,2020-07-25,1.0648584041628275,1.463194233086052,0.7302500972026574,POL
Poland,POL,ECDC,Deaths,Cori_slidingWindow,2020-07-26,1.0464336104974474,1.4318277370592387,0.7153306694456018,POL
Poland,POL,ECDC,Deaths,Cori_slidingWindow,2020-07-27,1.0282383760480502,1.4054472457544658,0.7052032050774297,POL
Poland,POL,ECDC,Deaths,Cori_slidingWindow,2020-07-28,1.0150061230838614,1.3910637186859185,0.6958853910379098,POL
Poland,POL,ECDC,Deaths,Cori_slidingWindow,2020-07-29,1.011378923563944,1.389223969907032,0.6935265085421453,POL
Poland,POL,ECDC,Deaths,Cori_slidingWindow,2020-07-30,1.0206393433699494,1.394398010955454,0.7002859283587455,POL
Poland,POL,ECDC,Deaths,Cori_slidingWindow,2020-07-31,1.0234141075350787,1.3989065287407103,0.7055095005156452,POL
Poland,POL,ECDC,Deaths,Cori_slidingWindow,2020-08-01,1.0294179343017373,1.4018827262818472,0.7103229224858192,POL
Poland,POL,ECDC,Deaths,Cori_slidingWindow,2020-08-02,1.0302498298495744,1.3945270533904006,0.7120495323511393,POL
Poland,POL,ECDC,Deaths,Cori_slidingWindow,2020-08-03,1.027512005466622,1.3994228334519172,0.7107458054930953,POL
Poland,POL,ECDC,Deaths,Cori_slidingWindow,2020-08-04,1.0210005557775599,1.3953241555872444,0.7116845680109435,POL
Poland,POL,ECDC,Deaths,Cori_slidingWindow,2020-08-05,1.0234824084072558,1.4006941670486892,0.7079386080811507,POL
Poland,POL,ECDC,Deaths,Cori_slidingWindow,2020-08-06,1.0316235312434225,1.4126481906640544,0.7126068521918216,POL
Poland,POL,ECDC,Deaths,Cori_slidingWindow,2020-08-07,1.034018911153466,1.4086998094432188,0.7112088229743341,POL
Poland,POL,ECDC,Deaths,Cori_slidingWindow,2020-08-08,1.0269380391560063,1.3964467007659216,0.7085204899724167,POL
Poland,POL,ECDC,Deaths,Cori_slidingWindow,2020-08-09,1.0222143958208711,1.3915052032011492,0.7096321705532938,POL
Poland,POL,ECDC,Deaths,Cori_slidingWindow,2020-08-10,1.0176845604965032,1.387509540856342,0.7105270974892866,POL
Poland,POL,ECDC,Deaths,Cori_slidingWindow,2020-08-11,1.020836848179987,1.3838051106236617,0.7103559624675068,POL
Poland,POL,ECDC,Deaths,Cori_slidingWindow,2020-08-12,1.0263298169293793,1.3925790382214136,0.7101261157061763,POL
Poland,POL,ECDC,Deaths,Cori_slidingWindow,2020-08-13,1.0235416682205356,1.3741631194511612,0.7130280659960607,POL
Poland,POL,ECDC,Deaths,Cori_slidingWindow,2020-08-14,1.0001169524528168,1.363106143051818,0.7017934852446496,POL
Poland,POL,ECDC,Deaths,Cori_slidingWindow,2020-08-15,0.9822360631529631,1.336747454179855,0.6744211078283251,POL
Poland,POL,ECDC,Deaths,Cori_slidingWindow,2020-08-16,0.950263512441,1.300931245477491,0.6583935433257024,POL
Poland,POL,ECDC,Deaths,Cori_slidingWindow,2020-08-17,0.9292356764941758,1.2826118831725504,0.6361924085037021,POL
Poland,POL,ECDC,Deaths,Cori_slidingWindow,2020-08-18,0.9333875135114724,1.2837689406951172,0.6334792564359367,POL
Poland,POL,ECDC,Deaths,Cori_slidingWindow,2020-08-19,0.9410926771860109,1.2889187414518954,0.6446941866523712,POL
Poland,POL,ECDC,Deaths,Cori_slidingWindow,2020-08-20,0.9540573694997643,1.312963947108993,0.6590367141057143,POL
Poland,POL,ECDC,Deaths,Cori_slidingWindow,2020-08-21,0.9564228379629499,1.3204568534361036,0.658960298515995,POL
Poland,POL,ECDC,Deaths,Cori_slidingWindow,2020-08-22,0.9654103140913458,1.3273753590407233,0.6578798720755333,POL
Poland,POL,ECDC,Deaths,Cori_slidingWindow,2020-08-23,0.9772282021882289,1.3413650781725739,0.6691833362224872,POL
Poland,POL,ECDC,Deaths,Cori_slidingWindow,2020-08-24,0.9982883110793188,1.3649023322229321,0.6863519874998187,POL
Poland,POL,ECDC,Deaths,Cori_slidingWindow,2020-08-25,1.026237830891231,1.4071701197976245,0.7065899614369839,POL
Poland,POL,ECDC,Deaths,Cori_slidingWindow,2020-08-26,1.0560787261001383,1.4488186895187412,0.7328266447863612,POL
Poland,POL,ECDC,Deaths,Cori_slidingWindow,2020-08-27,1.0794745175545049,1.458599152300408,0.746023203046305,POL
Poland,POL,ECDC,Deaths,Cori_slidingWindow,2020-08-28,1.0892978223545327,1.4750156218783017,0.7611777233318101,POL
Poland,POL,ECDC,Deaths,Cori_slidingWindow,2020-08-29,1.1125127482923811,1.5083460976255867,0.7736649695121224,POL
Poland,POL,ECDC,Deaths,Cori_slidingWindow,2020-08-30,1.1353488678764343,1.5282390573865583,0.8043808086233146,POL
Poland,POL,ECDC,Deaths,Cori_slidingWindow,2020-08-31,1.1532738279339754,1.5402435774911423,0.8216690277762393,POL
Poland,POL,ECDC,Deaths,Cori_slidingWindow,2020-09-01,1.1707745781838752,1.5667840702854026,0.8373041050429376,POL
Poland,POL,ECDC,Deaths,Cori_slidingWindow,2020-09-02,1.204963487937411,1.596191307011792,0.8649626670501641,POL
Poland,POL,ECDC,Deaths,Cori_slidingWindow,2020-09-03,1.2331278170775595,1.6200817062691824,0.8998171346687966,POL
Poland,POL,ECDC,Deaths,Cori_slidingWindow,2020-09-04,1.2504525176226082,1.6363219569491938,0.9220364374451343,POL
Poland,POL,ECDC,Deaths,Cori_slidingWindow,2020-09-05,1.2623485631164524,1.631255594600639,0.9343105540309846,POL
Poland,POL,ECDC,Deaths,Cori_slidingWindow,2020-09-06,1.2684296273090954,1.6223611831969946,0.9454876633488024,POL
Poland,POL,ECDC,Deaths,Cori_slidingWindow,2020-09-07,1.2758321793024967,1.6320955081251252,0.9621175506005355,POL
Poland,POL,ECDC,Deaths,Cori_slidingWindow,2020-09-08,1.288101989823664,1.6279162452357312,0.9857042407803076,POL
Poland,POL,ECDC,Deaths,Cori_slidingWindow,2020-09-09,1.3075105773085336,1.6483976596846879,1.0056398564770705,POL
Poland,POL,ECDC,Deaths,Cori_slidingWindow,2020-09-10,1.3078780807877373,1.638278761798128,1.013434095394944,POL
Poland,POL,ECDC,Deaths,Cori_slidingWindow,2020-09-11,1.3130845450033952,1.633619870308218,1.0261719790893946,POL
Poland,POL,ECDC,Deaths,Cori_slidingWindow,2020-09-12,1.3297618223326553,1.6444736759538354,1.0502965548637067,POL
Poland,POL,ECDC,Deaths,Cori_slidingWindow,2020-09-13,1.3746658937610245,1.6827396900034899,1.0963999697992675,POL
Poland,POL,ECDC,Deaths,Cori_slidingWindow,2020-09-14,1.4115910842419852,1.711305397570444,1.145936013973841,POL
Poland,POL,ECDC,Deaths,Cori_slidingWindow,2020-09-15,1.443042811429727,1.7415095746397093,1.1773981245227556,POL
Poland,POL,ECDC,Deaths,Cori_slidingWindow,2020-09-16,1.4623267986317736,1.7458634597612108,1.1984494689179566,POL
Poland,POL,ECDC,Deaths,Cori_slidingWindow,2020-09-17,1.4561632893788696,1.7353401445661505,1.2073019962828084,POL
Poland,POL,ECDC,Deaths,Cori_slidingWindow,2020-09-18,1.452288229941987,1.715172231184349,1.212033605852151,POL
Poland,POL,ECDC,Deaths,Cori_slidingWindow,2020-09-19,1.4465377046421495,1.6999347105608271,1.2174946885309592,POL
Poland,POL,ECDC,Deaths,Cori_slidingWindow,2020-09-20,1.444548825434552,1.6853715510823701,1.2220581812127622,POL
Poland,POL,ECDC,Deaths,Cori_slidingWindow,2020-09-21,1.4408788516939206,1.671159893718006,1.22795883931452,POL
Poland,POL,ECDC,Deaths,Cori_slidingWindow,2020-09-22,1.4366001488113178,1.6565908019654216,1.2309839473114983,POL
Poland,POL,ECDC,Deaths,Cori_slidingWindow,2020-09-23,1.433434668639626,1.6426261495483354,1.232800622792903,POL
Poland,POL,ECDC,Deaths,Cori_slidingWindow,2020-09-24,1.4185215414970886,1.6178316633419676,1.2314570807618317,POL
Poland,POL,ECDC,Deaths,Cori_slidingWindow,2020-09-25,1.4042236389024287,1.594804880831134,1.2251516646843796,POL
Poland,POL,ECDC,Deaths,Cori_slidingWindow,2020-09-26,1.3853146819278885,1.57063459582211,1.214070822825539,POL
Poland,POL,ECDC,Deaths,Cori_slidingWindow,2020-09-27,1.367065203384855,1.541941920541851,1.2008929002459385,POL
Poland,POL,ECDC,Deaths,Cori_step,2020-03-15,1.7706127078683684,2.0225230525764193,1.528350145693897,POL
Poland,POL,ECDC,Deaths,Cori_step,2020-03-16,1.779099430400322,2.0451542802922216,1.5351009565410698,POL
Poland,POL,ECDC,Deaths,Cori_step,2020-03-17,1.7797680111927214,2.0402591991133576,1.5352428827760396,POL
Poland,POL,ECDC,Deaths,Cori_step,2020-03-18,1.786217929171327,2.0500493614710855,1.544621980017218,POL
Poland,POL,ECDC,Deaths,Cori_step,2020-03-19,1.786217929171327,2.0500493614710855,1.544621980017218,POL
Poland,POL,ECDC,Deaths,Cori_step,2020-03-20,1.786217929171327,2.0500493614710855,1.544621980017218,POL
Poland,POL,ECDC,Deaths,Cori_step,2020-03-21,1.786217929171327,2.0500493614710855,1.544621980017218,POL
Poland,POL,ECDC,Deaths,Cori_step,2020-03-22,1.786217929171327,2.0500493614710855,1.544621980017218,POL
Poland,POL,ECDC,Deaths,Cori_step,2020-03-23,1.786217929171327,2.0500493614710855,1.544621980017218,POL
Poland,POL,ECDC,Deaths,Cori_step,2020-03-24,1.786217929171327,2.0500493614710855,1.544621980017218,POL
Poland,POL,ECDC,Deaths,Cori_step,2020-03-25,0.9896925960810131,1.072751423273581,0.9113077006044138,POL
Poland,POL,ECDC,Deaths,Cori_step,2020-03-26,0.9896925960810131,1.072751423273581,0.9113077006044138,POL
Poland,POL,ECDC,Deaths,Cori_step,2020-03-27,0.9896925960810131,1.072751423273581,0.9113077006044138,POL
Poland,POL,ECDC,Deaths,Cori_step,2020-03-28,0.9896925960810131,1.072751423273581,0.9113077006044138,POL
Poland,POL,ECDC,Deaths,Cori_step,2020-03-29,0.9896925960810131,1.072751423273581,0.9113077006044138,POL
Poland,POL,ECDC,Deaths,Cori_step,2020-03-30,0.9896925960810131,1.072751423273581,0.9113077006044138,POL
Poland,POL,ECDC,Deaths,Cori_step,2020-03-31,0.9896925960810131,1.072751423273581,0.9113077006044138,POL
Poland,POL,ECDC,Deaths,Cori_step,2020-04-01,0.9896925960810131,1.072751423273581,0.9113077006044138,POL
Poland,POL,ECDC,Deaths,Cori_step,2020-04-02,0.9896925960810131,1.072751423273581,0.9113077006044138,POL
Poland,POL,ECDC,Deaths,Cori_step,2020-04-03,0.9896925960810131,1.072751423273581,0.9113077006044138,POL
Poland,POL,ECDC,Deaths,Cori_step,2020-04-04,0.9896925960810131,1.072751423273581,0.9113077006044138,POL
Poland,POL,ECDC,Deaths,Cori_step,2020-04-05,0.9896925960810131,1.072751423273581,0.9113077006044138,POL
Poland,POL,ECDC,Deaths,Cori_step,2020-04-06,0.9896925960810131,1.072751423273581,0.9113077006044138,POL
Poland,POL,ECDC,Deaths,Cori_step,2020-04-07,0.9896925960810131,1.072751423273581,0.9113077006044138,POL
Poland,POL,ECDC,Deaths,Cori_step,2020-04-08,0.9896925960810131,1.072751423273581,0.9113077006044138,POL
Poland,POL,ECDC,Deaths,Cori_step,2020-04-09,0.9896925960810131,1.072751423273581,0.9113077006044138,POL
Poland,POL,ECDC,Deaths,Cori_step,2020-04-10,0.9896925960810131,1.072751423273581,0.9113077006044138,POL
Poland,POL,ECDC,Deaths,Cori_step,2020-04-11,0.9896925960810131,1.072751423273581,0.9113077006044138,POL
Poland,POL,ECDC,Deaths,Cori_step,2020-04-12,0.9896925960810131,1.072751423273581,0.9113077006044138,POL
Poland,POL,ECDC,Deaths,Cori_step,2020-04-13,0.9896925960810131,1.072751423273581,0.9113077006044138,POL
Poland,POL,ECDC,Deaths,Cori_step,2020-04-14,0.9896925960810131,1.072751423273581,0.9113077006044138,POL
Poland,POL,ECDC,Deaths,Cori_step,2020-04-15,0.9896925960810131,1.072751423273581,0.9113077006044138,POL
Poland,POL,ECDC,Deaths,Cori_step,2020-04-16,0.9896925960810131,1.072751423273581,0.9113077006044138,POL
Poland,POL,ECDC,Deaths,Cori_step,2020-04-17,0.9896925960810131,1.072751423273581,0.9113077006044138,POL
Poland,POL,ECDC,Deaths,Cori_step,2020-04-18,0.9896925960810131,1.072751423273581,0.9113077006044138,POL
Poland,POL,ECDC,Deaths,Cori_step,2020-04-19,0.9896925960810131,1.072751423273581,0.9113077006044138,POL
Poland,POL,ECDC,Deaths,Cori_step,2020-04-20,1.1203965967443712,1.1642957267114662,1.0773281308918483,POL
Poland,POL,ECDC,Deaths,Cori_step,2020-04-21,1.1203965967443712,1.1642957267114662,1.0773281308918483,POL
Poland,POL,ECDC,Deaths,Cori_step,2020-04-22,1.1203965967443712,1.1642957267114662,1.0773281308918483,POL
Poland,POL,ECDC,Deaths,Cori_step,2020-04-23,1.1203965967443712,1.1642957267114662,1.0773281308918483,POL
Poland,POL,ECDC,Deaths,Cori_step,2020-04-24,1.1203965967443712,1.1642957267114662,1.0773281308918483,POL
Poland,POL,ECDC,Deaths,Cori_step,2020-04-25,1.1203965967443712,1.1642957267114662,1.0773281308918483,POL
Poland,POL,ECDC,Deaths,Cori_step,2020-04-26,1.1203965967443712,1.1642957267114662,1.0773281308918483,POL
Poland,POL,ECDC,Deaths,Cori_step,2020-04-27,1.1203965967443712,1.1642957267114662,1.0773281308918483,POL
Poland,POL,ECDC,Deaths,Cori_step,2020-04-28,1.1203965967443712,1.1642957267114662,1.0773281308918483,POL
Poland,POL,ECDC,Deaths,Cori_step,2020-04-29,1.1203965967443712,1.1642957267114662,1.0773281308918483,POL
Poland,POL,ECDC,Deaths,Cori_step,2020-04-30,1.1203965967443712,1.1642957267114662,1.0773281308918483,POL
Poland,POL,ECDC,Deaths,Cori_step,2020-05-01,1.1203965967443712,1.1642957267114662,1.0773281308918483,POL
Poland,POL,ECDC,Deaths,Cori_step,2020-05-02,1.1203965967443712,1.1642957267114662,1.0773281308918483,POL
Poland,POL,ECDC,Deaths,Cori_step,2020-05-03,1.1203965967443712,1.1642957267114662,1.0773281308918483,POL
Poland,POL,ECDC,Deaths,Cori_step,2020-05-04,1.1203965967443712,1.1642957267114662,1.0773281308918483,POL
Poland,POL,ECDC,Deaths,Cori_step,2020-05-05,1.1203965967443712,1.1642957267114662,1.0773281308918483,POL
Poland,POL,ECDC,Deaths,Cori_step,2020-05-06,1.1203965967443712,1.1642957267114662,1.0773281308918483,POL
Poland,POL,ECDC,Deaths,Cori_step,2020-05-07,1.1203965967443712,1.1642957267114662,1.0773281308918483,POL
Poland,POL,ECDC,Deaths,Cori_step,2020-05-08,1.1203965967443712,1.1642957267114662,1.0773281308918483,POL
Poland,POL,ECDC,Deaths,Cori_step,2020-05-09,1.1203965967443712,1.1642957267114662,1.0773281308918483,POL
Poland,POL,ECDC,Deaths,Cori_step,2020-05-10,1.1203965967443712,1.1642957267114662,1.0773281308918483,POL
Poland,POL,ECDC,Deaths,Cori_step,2020-05-11,1.1203965967443712,1.1642957267114662,1.0773281308918483,POL
Poland,POL,ECDC,Deaths,Cori_step,2020-05-12,1.1203965967443712,1.1642957267114662,1.0773281308918483,POL
Poland,POL,ECDC,Deaths,Cori_step,2020-05-13,1.1203965967443712,1.1642957267114662,1.0773281308918483,POL
Poland,POL,ECDC,Deaths,Cori_step,2020-05-14,1.1203965967443712,1.1642957267114662,1.0773281308918483,POL
Poland,POL,ECDC,Deaths,Cori_step,2020-05-15,1.1203965967443712,1.1642957267114662,1.0773281308918483,POL
Poland,POL,ECDC,Deaths,Cori_step,2020-05-16,1.1203965967443712,1.1642957267114662,1.0773281308918483,POL
Poland,POL,ECDC,Deaths,Cori_step,2020-05-17,1.1203965967443712,1.1642957267114662,1.0773281308918483,POL
Poland,POL,ECDC,Deaths,Cori_step,2020-05-18,1.1203965967443712,1.1642957267114662,1.0773281308918483,POL
Poland,POL,ECDC,Deaths,Cori_step,2020-05-19,1.1203965967443712,1.1642957267114662,1.0773281308918483,POL
Poland,POL,ECDC,Deaths,Cori_step,2020-05-20,1.1203965967443712,1.1642957267114662,1.0773281308918483,POL
Poland,POL,ECDC,Deaths,Cori_step,2020-05-21,1.1203965967443712,1.1642957267114662,1.0773281308918483,POL
Poland,POL,ECDC,Deaths,Cori_step,2020-05-22,1.1203965967443712,1.1642957267114662,1.0773281308918483,POL
Poland,POL,ECDC,Deaths,Cori_step,2020-05-23,1.1203965967443712,1.1642957267114662,1.0773281308918483,POL
Poland,POL,ECDC,Deaths,Cori_step,2020-05-24,1.1203965967443712,1.1642957267114662,1.0773281308918483,POL
Poland,POL,ECDC,Deaths,Cori_step,2020-05-25,1.1203965967443712,1.1642957267114662,1.0773281308918483,POL
Poland,POL,ECDC,Deaths,Cori_step,2020-05-26,1.1203965967443712,1.1642957267114662,1.0773281308918483,POL
Poland,POL,ECDC,Deaths,Cori_step,2020-05-27,1.1203965967443712,1.1642957267114662,1.0773281308918483,POL
Poland,POL,ECDC,Deaths,Cori_step,2020-05-28,1.1203965967443712,1.1642957267114662,1.0773281308918483,POL
Poland,POL,ECDC,Deaths,Cori_step,2020-05-29,1.1203965967443712,1.1642957267114662,1.0773281308918483,POL
Poland,POL,ECDC,Deaths,Cori_step,2020-05-30,1.1203965967443712,1.1642957267114662,1.0773281308918483,POL
Poland,POL,ECDC,Deaths,Cori_step,2020-05-31,1.1203965967443712,1.1642957267114662,1.0773281308918483,POL
Poland,POL,ECDC,Deaths,Cori_step,2020-06-01,1.1203965967443712,1.1642957267114662,1.0773281308918483,POL
Poland,POL,ECDC,Deaths,Cori_step,2020-06-02,1.1203965967443712,1.1642957267114662,1.0773281308918483,POL
Poland,POL,ECDC,Deaths,Cori_step,2020-06-03,1.1203965967443712,1.1642957267114662,1.0773281308918483,POL
Poland,POL,ECDC,Deaths,Cori_step,2020-06-04,1.1203965967443712,1.1642957267114662,1.0773281308918483,POL
Poland,POL,ECDC,Deaths,Cori_step,2020-06-05,1.1203965967443712,1.1642957267114662,1.0773281308918483,POL
Poland,POL,ECDC,Deaths,Cori_step,2020-06-06,1.1203965967443712,1.1642957267114662,1.0773281308918483,POL
Poland,POL,ECDC,Deaths,Cori_step,2020-06-07,1.1203965967443712,1.1642957267114662,1.0773281308918483,POL
Poland,POL,ECDC,Deaths,Cori_step,2020-06-08,1.1203965967443712,1.1642957267114662,1.0773281308918483,POL
Poland,POL,ECDC,Deaths,Cori_step,2020-06-09,1.1203965967443712,1.1642957267114662,1.0773281308918483,POL
Poland,POL,ECDC,Deaths,Cori_step,2020-06-10,1.1203965967443712,1.1642957267114662,1.0773281308918483,POL
Poland,POL,ECDC,Deaths,Cori_step,2020-06-11,1.1203965967443712,1.1642957267114662,1.0773281308918483,POL
Poland,POL,ECDC,Deaths,Cori_step,2020-06-12,1.1203965967443712,1.1642957267114662,1.0773281308918483,POL
Poland,POL,ECDC,Deaths,Cori_step,2020-06-13,1.1203965967443712,1.1642957267114662,1.0773281308918483,POL
Poland,POL,ECDC,Deaths,Cori_step,2020-06-14,1.1203965967443712,1.1642957267114662,1.0773281308918483,POL
Poland,POL,ECDC,Deaths,Cori_step,2020-06-15,1.1203965967443712,1.1642957267114662,1.0773281308918483,POL
Poland,POL,ECDC,Deaths,Cori_step,2020-06-16,1.1203965967443712,1.1642957267114662,1.0773281308918483,POL
Poland,POL,ECDC,Deaths,Cori_step,2020-06-17,1.1203965967443712,1.1642957267114662,1.0773281308918483,POL
Poland,POL,ECDC,Deaths,Cori_step,2020-06-18,1.1203965967443712,1.1642957267114662,1.0773281308918483,POL
Poland,POL,ECDC,Deaths,Cori_step,2020-06-19,1.1203965967443712,1.1642957267114662,1.0773281308918483,POL
Poland,POL,ECDC,Deaths,Cori_step,2020-06-20,1.1203965967443712,1.1642957267114662,1.0773281308918483,POL
Poland,POL,ECDC,Deaths,Cori_step,2020-06-21,1.1203965967443712,1.1642957267114662,1.0773281308918483,POL
Poland,POL,ECDC,Deaths,Cori_step,2020-06-22,1.1203965967443712,1.1642957267114662,1.0773281308918483,POL
Poland,POL,ECDC,Deaths,Cori_step,2020-06-23,1.1203965967443712,1.1642957267114662,1.0773281308918483,POL
Poland,POL,ECDC,Deaths,Cori_step,2020-06-24,1.1203965967443712,1.1642957267114662,1.0773281308918483,POL
Poland,POL,ECDC,Deaths,Cori_step,2020-06-25,1.1203965967443712,1.1642957267114662,1.0773281308918483,POL
Poland,POL,ECDC,Deaths,Cori_step,2020-06-26,1.1203965967443712,1.1642957267114662,1.0773281308918483,POL
Poland,POL,ECDC,Deaths,Cori_step,2020-06-27,1.1203965967443712,1.1642957267114662,1.0773281308918483,POL
Poland,POL,ECDC,Deaths,Cori_step,2020-06-28,1.1203965967443712,1.1642957267114662,1.0773281308918483,POL
Poland,POL,ECDC,Deaths,Cori_step,2020-06-29,1.1203965967443712,1.1642957267114662,1.0773281308918483,POL
Poland,POL,ECDC,Deaths,Cori_step,2020-06-30,1.1203965967443712,1.1642957267114662,1.0773281308918483,POL
Poland,POL,ECDC,Deaths,Cori_step,2020-07-01,1.1203965967443712,1.1642957267114662,1.0773281308918483,POL
Poland,POL,ECDC,Deaths,Cori_step,2020-07-02,1.1203965967443712,1.1642957267114662,1.0773281308918483,POL
Poland,POL,ECDC,Deaths,Cori_step,2020-07-03,1.1203965967443712,1.1642957267114662,1.0773281308918483,POL
Poland,POL,ECDC,Deaths,Cori_step,2020-07-04,1.1203965967443712,1.1642957267114662,1.0773281308918483,POL
Poland,POL,ECDC,Deaths,Cori_step,2020-07-05,1.1203965967443712,1.1642957267114662,1.0773281308918483,POL
Poland,POL,ECDC,Deaths,Cori_step,2020-07-06,1.1203965967443712,1.1642957267114662,1.0773281308918483,POL
Poland,POL,ECDC,Deaths,Cori_step,2020-07-07,1.1203965967443712,1.1642957267114662,1.0773281308918483,POL
Poland,POL,ECDC,Deaths,Cori_step,2020-07-08,1.1203965967443712,1.1642957267114662,1.0773281308918483,POL
Poland,POL,ECDC,Deaths,Cori_step,2020-07-09,1.1203965967443712,1.1642957267114662,1.0773281308918483,POL
Poland,POL,ECDC,Deaths,Cori_step,2020-07-10,1.1203965967443712,1.1642957267114662,1.0773281308918483,POL
Poland,POL,ECDC,Deaths,Cori_step,2020-07-11,1.1203965967443712,1.1642957267114662,1.0773281308918483,POL
Poland,POL,ECDC,Deaths,Cori_step,2020-07-12,1.1203965967443712,1.1642957267114662,1.0773281308918483,POL
Poland,POL,ECDC,Deaths,Cori_step,2020-07-13,1.1203965967443712,1.1642957267114662,1.0773281308918483,POL
Poland,POL,ECDC,Deaths,Cori_step,2020-07-14,1.1203965967443712,1.1642957267114662,1.0773281308918483,POL
Poland,POL,ECDC,Deaths,Cori_step,2020-07-15,1.1203965967443712,1.1642957267114662,1.0773281308918483,POL
Poland,POL,ECDC,Deaths,Cori_step,2020-07-16,1.1203965967443712,1.1642957267114662,1.0773281308918483,POL
Poland,POL,ECDC,Deaths,Cori_step,2020-07-17,1.1203965967443712,1.1642957267114662,1.0773281308918483,POL
Poland,POL,ECDC,Deaths,Cori_step,2020-07-18,1.1203965967443712,1.1642957267114662,1.0773281308918483,POL
Poland,POL,ECDC,Deaths,Cori_step,2020-07-19,1.1203965967443712,1.1642957267114662,1.0773281308918483,POL
Poland,POL,ECDC,Deaths,Cori_step,2020-07-20,1.1203965967443712,1.1642957267114662,1.0773281308918483,POL
Poland,POL,ECDC,Deaths,Cori_step,2020-07-21,1.1203965967443712,1.1642957267114662,1.0773281308918483,POL
Poland,POL,ECDC,Deaths,Cori_step,2020-07-22,1.1203965967443712,1.1642957267114662,1.0773281308918483,POL
Poland,POL,ECDC,Deaths,Cori_step,2020-07-23,1.1203965967443712,1.1642957267114662,1.0773281308918483,POL
Poland,POL,ECDC,Deaths,Cori_step,2020-07-24,1.1203965967443712,1.1642957267114662,1.0773281308918483,POL
Poland,POL,ECDC,Deaths,Cori_step,2020-07-25,1.1203965967443712,1.1642957267114662,1.0773281308918483,POL
Poland,POL,ECDC,Deaths,Cori_step,2020-07-26,1.1203965967443712,1.1642957267114662,1.0773281308918483,POL
Poland,POL,ECDC,Deaths,Cori_step,2020-07-27,1.1203965967443712,1.1642957267114662,1.0773281308918483,POL
Poland,POL,ECDC,Deaths,Cori_step,2020-07-28,1.1203965967443712,1.1642957267114662,1.0773281308918483,POL
Poland,POL,ECDC,Deaths,Cori_step,2020-07-29,1.1203965967443712,1.1642957267114662,1.0773281308918483,POL
Poland,POL,ECDC,Deaths,Cori_step,2020-07-30,1.1203965967443712,1.1642957267114662,1.0773281308918483,POL
Poland,POL,ECDC,Deaths,Cori_step,2020-07-31,1.1203965967443712,1.1642957267114662,1.0773281308918483,POL
Poland,POL,ECDC,Deaths,Cori_step,2020-08-01,1.1203965967443712,1.1642957267114662,1.0773281308918483,POL
Poland,POL,ECDC,Deaths,Cori_step,2020-08-02,1.1203965967443712,1.1642957267114662,1.0773281308918483,POL
Poland,POL,ECDC,Deaths,Cori_step,2020-08-03,1.1203965967443712,1.1642957267114662,1.0773281308918483,POL
Poland,POL,ECDC,Deaths,Cori_step,2020-08-04,1.1203965967443712,1.1642957267114662,1.0773281308918483,POL
Poland,POL,ECDC,Deaths,Cori_step,2020-08-05,1.1203965967443712,1.1642957267114662,1.0773281308918483,POL
Poland,POL,ECDC,Deaths,Cori_step,2020-08-06,1.1203965967443712,1.1642957267114662,1.0773281308918483,POL
Poland,POL,ECDC,Deaths,Cori_step,2020-08-07,1.1203965967443712,1.1642957267114662,1.0773281308918483,POL
Poland,POL,ECDC,Deaths,Cori_step,2020-08-08,1.1203965967443712,1.1642957267114662,1.0773281308918483,POL
Poland,POL,ECDC,Deaths,Cori_step,2020-08-09,1.1203965967443712,1.1642957267114662,1.0773281308918483,POL
Poland,POL,ECDC,Deaths,Cori_step,2020-08-10,1.1203965967443712,1.1642957267114662,1.0773281308918483,POL
Poland,POL,ECDC,Deaths,Cori_step,2020-08-11,1.1203965967443712,1.1642957267114662,1.0773281308918483,POL
Poland,POL,ECDC,Deaths,Cori_step,2020-08-12,1.1203965967443712,1.1642957267114662,1.0773281308918483,POL
Poland,POL,ECDC,Deaths,Cori_step,2020-08-13,1.1203965967443712,1.1642957267114662,1.0773281308918483,POL
Poland,POL,ECDC,Deaths,Cori_step,2020-08-14,1.1203965967443712,1.1642957267114662,1.0773281308918483,POL
Poland,POL,ECDC,Deaths,Cori_step,2020-08-15,1.1203965967443712,1.1642957267114662,1.0773281308918483,POL
Poland,POL,ECDC,Deaths,Cori_step,2020-08-16,1.1203965967443712,1.1642957267114662,1.0773281308918483,POL
Poland,POL,ECDC,Deaths,Cori_step,2020-08-17,1.1203965967443712,1.1642957267114662,1.0773281308918483,POL
Poland,POL,ECDC,Deaths,Cori_step,2020-08-18,1.1203965967443712,1.1642957267114662,1.0773281308918483,POL
Poland,POL,ECDC,Deaths,Cori_step,2020-08-19,1.1203965967443712,1.1642957267114662,1.0773281308918483,POL
Poland,POL,ECDC,Deaths,Cori_step,2020-08-20,1.1203965967443712,1.1642957267114662,1.0773281308918483,POL
Poland,POL,ECDC,Deaths,Cori_step,2020-08-21,1.1203965967443712,1.1642957267114662,1.0773281308918483,POL
Poland,POL,ECDC,Deaths,Cori_step,2020-08-22,1.1203965967443712,1.1642957267114662,1.0773281308918483,POL
Poland,POL,ECDC,Deaths,Cori_step,2020-08-23,1.1203965967443712,1.1642957267114662,1.0773281308918483,POL
Poland,POL,ECDC,Deaths,Cori_step,2020-08-24,1.1203965967443712,1.1642957267114662,1.0773281308918483,POL
Poland,POL,ECDC,Deaths,Cori_step,2020-08-25,1.1203965967443712,1.1642957267114662,1.0773281308918483,POL
Poland,POL,ECDC,Deaths,Cori_step,2020-08-26,1.1203965967443712,1.1642957267114662,1.0773281308918483,POL
Poland,POL,ECDC,Deaths,Cori_step,2020-08-27,1.1203965967443712,1.1642957267114662,1.0773281308918483,POL
Poland,POL,ECDC,Deaths,Cori_step,2020-08-28,1.1203965967443712,1.1642957267114662,1.0773281308918483,POL
Poland,POL,ECDC,Deaths,Cori_step,2020-08-29,1.1203965967443712,1.1642957267114662,1.0773281308918483,POL
Poland,POL,ECDC,Deaths,Cori_step,2020-08-30,1.1203965967443712,1.1642957267114662,1.0773281308918483,POL
Poland,POL,ECDC,Deaths,Cori_step,2020-08-31,1.1203965967443712,1.1642957267114662,1.0773281308918483,POL
Poland,POL,ECDC,Deaths,Cori_step,2020-09-01,1.1203965967443712,1.1642957267114662,1.0773281308918483,POL
Poland,POL,ECDC,Deaths,Cori_step,2020-09-02,1.1203965967443712,1.1642957267114662,1.0773281308918483,POL
Poland,POL,ECDC,Deaths,Cori_step,2020-09-03,1.1203965967443712,1.1642957267114662,1.0773281308918483,POL
Poland,POL,ECDC,Deaths,Cori_step,2020-09-04,1.1203965967443712,1.1642957267114662,1.0773281308918483,POL
Poland,POL,ECDC,Deaths,Cori_step,2020-09-05,1.1203965967443712,1.1642957267114662,1.0773281308918483,POL
Poland,POL,ECDC,Deaths,Cori_step,2020-09-06,1.1203965967443712,1.1642957267114662,1.0773281308918483,POL
Poland,POL,ECDC,Deaths,Cori_step,2020-09-07,1.1203965967443712,1.1642957267114662,1.0773281308918483,POL
Poland,POL,ECDC,Deaths,Cori_step,2020-09-08,1.1203965967443712,1.1642957267114662,1.0773281308918483,POL
Poland,POL,ECDC,Deaths,Cori_step,2020-09-09,1.1203965967443712,1.1642957267114662,1.0773281308918483,POL
Poland,POL,ECDC,Deaths,Cori_step,2020-09-10,1.1203965967443712,1.1642957267114662,1.0773281308918483,POL
Poland,POL,ECDC,Deaths,Cori_step,2020-09-11,1.1203965967443712,1.1642957267114662,1.0773281308918483,POL
Poland,POL,ECDC,Deaths,Cori_step,2020-09-12,1.1203965967443712,1.1642957267114662,1.0773281308918483,POL
Poland,POL,ECDC,Deaths,Cori_step,2020-09-13,1.1203965967443712,1.1642957267114662,1.0773281308918483,POL
Poland,POL,ECDC,Deaths,Cori_step,2020-09-14,1.1203965967443712,1.1642957267114662,1.0773281308918483,POL
Poland,POL,ECDC,Deaths,Cori_step,2020-09-15,1.1203965967443712,1.1642957267114662,1.0773281308918483,POL
Poland,POL,ECDC,Deaths,Cori_step,2020-09-16,1.1203965967443712,1.1642957267114662,1.0773281308918483,POL
Poland,POL,ECDC,Deaths,Cori_step,2020-09-17,1.1203965967443712,1.1642957267114662,1.0773281308918483,POL
Poland,POL,ECDC,Deaths,Cori_step,2020-09-18,1.1203965967443712,1.1642957267114662,1.0773281308918483,POL
Poland,POL,ECDC,Deaths,Cori_step,2020-09-19,1.1203965967443712,1.1642957267114662,1.0773281308918483,POL
Poland,POL,ECDC,Deaths,Cori_step,2020-09-20,1.1203965967443712,1.1642957267114662,1.0773281308918483,POL
Poland,POL,ECDC,Deaths,Cori_step,2020-09-21,1.1203965967443712,1.1642957267114662,1.0773281308918483,POL
Poland,POL,ECDC,Deaths,Cori_step,2020-09-22,1.1203965967443712,1.1642957267114662,1.0773281308918483,POL
Poland,POL,ECDC,Deaths,Cori_step,2020-09-23,1.1203965967443712,1.1642957267114662,1.0773281308918483,POL
Poland,POL,ECDC,Deaths,Cori_step,2020-09-24,1.1203965967443712,1.1642957267114662,1.0773281308918483,POL
Poland,POL,ECDC,Deaths,Cori_step,2020-09-25,1.1203965967443712,1.1642957267114662,1.0773281308918483,POL
Poland,POL,ECDC,Deaths,Cori_step,2020-09-26,1.1203965967443712,1.1642957267114662,1.0773281308918483,POL
Poland,POL,ECDC,Deaths,Cori_step,2020-09-27,1.1203965967443712,1.1642957267114662,1.0773281308918483,POL
